Workbook

Sheet Dashboard
C2: سجل متابعة مشروع الحوكمة
C3: اللجنة التوجيهية — شركة العطيشان القابضة
B5: تاريخ آخر تحديث | E5: تاريخ استخراج التقرير | H5: الجهة المسؤولة عن التحديث | K5: نسخة التقرير
B6: =TEXT(MAX(tblDeliverables[تاريخ آخر تحديث]),"yyyy-mm-dd") -> 2026-06-10 | E6: =TEXT(TODAY(),"yyyy-mm-dd") -> 2026-06-18 | H6: فريق الحوكمة | K6: V1.0
B8: المؤشرات الرئيسية
B9: =COUNTA(tblDeliverables[المخرج]) -> 22 | E9: =COUNTIF(tblDeliverables[الحالة الحالية],"مستلم") -> 6 | H9: =COUNTIF(tblDeliverables[الحالة الحالية],"مراجعة المختصين") -> 8 | K9: =COUNTIF(tblDeliverables[الحالة الحالية],"التعديل لدى الحلول القانونية") -> 3
B10: إجمالي المخرجات | E10: المستلمة | H10: تحت المراجعة | K10: لدى الحلول القانونية
B12: =COUNTIF(tblDeliverables[الحالة الحالية],"مراجعة لجنة الحوكمة") -> 2 | E12: =COUNTIF(tblDeliverables[الحالة الحالية],"مراجعة لجنة الترشيحات والمكافآت") -> 1 | H12: =COUNTIF(tblDeliverables[الحالة الحالية],"اعتماد مجلس الإدارة") -> 1 | K12: =COUNTIF(tblDeliverables[الحالة الحالية],"معتمد ونافذ") -> 1
B13: لدى لجنة الحوكمة | E13: لدى لجنة الترشيحات | H13: جاهزة للاعتماد | K13: المعتمدة
B15: =COUNTIF(tblDeliverables[مؤشر الالتزام الزمني],"متأخر") -> 1 | E15: =COUNTIFS(tblDeliverables[الأولوية],"عالية",tblDeliverables[الحالة الحالية],"<>معتمد ونافذ") -> 9 | H15: =IFERROR(ROUND(AVERAGE(tblDeliverables[أيام المراجعة]),1),0) -> 88.6 | K15: =IFERROR(COUNTIF(tblDeliverables[الحالة الحالية],"معتمد ونافذ")/COUNTA(tblDeliverables[المخرج]),0) -> 0.045454545
B16: المتأخرة | E16: الحرجة | H16: متوسط أيام المراجعة | K16: نسبة الإنجاز الكلية
B18: ملخص اللجنة التوجيهية
B19: المخرجات المتأخرة | E19: =IF(Data!$V$210="","لا يوجد",Data!$V$210) -> مصفوفة الصلاحيات الشاملة
B20: المخرجات الحرجة | E20: =IF(Data!$W$210="","لا يوجد",Data!$W$210) -> لائحة مجلس الإدارة، لائحة لجنة المراجعة، لائحة لجنة الترشيحات والمكافآت، مصفوفة الصلاحيات الشاملة، سياسة تعارض المصالح، سياسة إدارة المخاطر، سياسة الاستثمار والشركات التابعة، تطوير الاستراتيجية الشاملة للمجموعة، مؤشرات الأداء الاستراتيجية
B21: القرارات المفتوحة | E21: =IF(Data!$X$210="","لا يوجد",Data!$X$210) -> مراجعة حالة المخرجات المتأخرة، الموافقة على رفع لوائح اللجان للمجلس
B22: الإجراءات المستحقة خلال أسبوعين | E22: =IF(Data!$Y$210="","لا يوجد",Data!$Y$210) -> تسريع اعتماد مصفوفة الصلاحيات الشاملة، جدولة جلسة اعتماد لائحة مجلس الإدارة
B24: لوحة التحكم التفاعلية — اختر البيانات التي تريد عرضها في الرسم الرئيسي
B25: اعرض التوزيع حسب: | E25: الحالة | G25: تصفية بالتصنيف: | I25: الكل | K25: تصفية بالأولوية: | M25: الكل
B26: عند تغيير أي خيار أعلاه يُعاد تشكيل (الرسم الرئيسي التفاعلي) تلقائياً.
B27: الرسوم البيانية
B28: ="◆ الرسم الرئيسي التفاعلي: "&Data!$AA$1 -> ◆ الرسم الرئيسي التفاعلي: التوزيع حسب الحالة
B125: المرجع الرسمي للجنة التوجيهية حتى الإقفال النهائي لمشروع الحوكمة المستهدف بتاريخ 2026-08-15
B126: إشراف رئيس اللجنة التوجيهية: محمد البوعلي
B127: إعداد: شركة أمين للذكاء الاصطناعي — مقدَّم إلى: شركة العطيشان القابضة

Sheet Lookup Lists
A1: القوائم المرجعية
A2: تُستخدم هذه القوائم تلقائياً في جميع القوائم المنسدلة داخل الملف — يمكن التعديل عليها بالإضافة أو الحذف. | G2: قوائم التحكم بالرسم البياني التفاعلي في لوحة المؤشرات.
A4: الحالات | B4: الأولويات | C4: الجهات | D4: التصنيفات | E4: حالات القرارات | G4: محاور الرسم | H4: تصفية التصنيف | I4: تصفية الأولوية | J4: الالتزام (مرجع) | K4: النطاق
A5: مستلم | B5: عالية | C5: الملاك | D5: حوكمة | E5: مفتوح | G5: الحالة | H5: الكل | I5: الكل | J5: متأخر | K5: ضمن النطاق
A6: مراجعة المختصين | B6: متوسطة | C6: مجلس الإدارة | D6: القابضة | E6: مغلق | G6: الأولوية | H6: حوكمة | I6: عالية | J6: ضمن الخطة | K6: خارج النطاق
A7: التعديل لدى الحلول القانونية | B7: منخفضة | C7: لجنة المراجعة | D7: تشغيلي | E7: متأخر | G7: التصنيف | H7: القابضة | I7: متوسطة | J7: مكتمل
A8: مراجعة لجنة الحوكمة | C8: لجنة الترشيحات والمكافآت | D8: تنظيمي | G8: النطاق | H8: تشغيلي | I8: منخفضة
A9: مراجعة لجنة الترشيحات والمكافآت | C9: الرئيس التنفيذي | G9: الالتزام الزمني | H9: تنظيمي
A10: اعتماد مجلس الإدارة | C10: الإدارة التنفيذية
A11: معتمد ونافذ | C11: عامر البيروتي
C12: أمين المجلس
C13: الموارد البشرية
C14: الإدارة المالية
C15: تقنية المعلومات
C16: الشؤون القانونية
C17: الإدارة التجارية
C18: العمليات والتشغيل
C19: المشتريات والمستودعات
C20: الحلول القانونية
C21: فريق الحوكمة

Sheet Deliverables Register
A1: سجل متابعة مخرجات مشروع الحوكمة — شركة العطيشان القابضة
A2: رقم | B2: المخرج | C2: التصنيف | D2: المختص / الجهة المراجعة | E2: تاريخ استلام المخرج | F2: عدد المراجعات | G2: تاريخ الإرسال للمختص | H2: أيام المراجعة | I2: الحالة الحالية | J2: المسؤول الحالي | K2: الأولوية | L2: تاريخ الإغلاق المستهدف | M2: تاريخ آخر تحديث | N2: آخر جهة قامت بالتحديث | O2: الملاحظات | P2: النطاق | Q2: مؤشر الالتزام الزمني
A3: 1 | B3: لائحة الجمعية العمومية | C3: حوكمة | D3: مجلس الإدارة | E3: 46034 | F3: 3 | G3: 46042 | H3: =IF(G3="","",IF(I3="معتمد ونافذ","",TODAY()-G3)) | I3: معتمد ونافذ | J3: أمين المجلس | K3: عالية | L3: 46096 | M3: 46097 | N3: مجلس الإدارة | P3: ضمن النطاق | Q3: =IF(I3="معتمد ونافذ","مكتمل",IF(L3="","غير محدد",IF(TODAY()>L3,"متأخر","ضمن الخطة"))) -> مكتمل
A4: 2 | B4: لائحة مجلس الإدارة | C4: حوكمة | D4: مجلس الإدارة | E4: 46034 | F4: 2 | G4: 46047 | H4: =IF(G4="","",IF(I4="معتمد ونافذ","",TODAY()-G4)) -> 144 | I4: اعتماد مجلس الإدارة | J4: أمين المجلس | K4: عالية | L4: 46203 | M4: 46181 | N4: فريق الحوكمة | O4: بانتظار جلسة المجلس القادمة | P4: ضمن النطاق | Q4: =IF(I4="معتمد ونافذ","مكتمل",IF(L4="","غير محدد",IF(TODAY()>L4,"متأخر","ضمن الخطة"))) -> ضمن الخطة
A5: 3 | B5: لائحة لجنة المراجعة | C5: حوكمة | D5: لجنة المراجعة | E5: 46056 | F5: 2 | G5: 46068 | H5: =IF(G5="","",IF(I5="معتمد ونافذ","",TODAY()-G5)) -> 123 | I5: مراجعة لجنة الحوكمة | J5: فريق الحوكمة | K5: عالية | L5: 46198 | M5: 46178 | N5: لجنة المراجعة | P5: ضمن النطاق | Q5: =IF(I5="معتمد ونافذ","مكتمل",IF(L5="","غير محدد",IF(TODAY()>L5,"متأخر","ضمن الخطة"))) -> ضمن الخطة
A6: 4 | B6: لائحة لجنة الترشيحات والمكافآت | C6: حوكمة | D6: لجنة الترشيحات والمكافآت | E6: 46056 | F6: 1 | G6: 46071 | H6: =IF(G6="","",IF(I6="معتمد ونافذ","",TODAY()-G6)) -> 120 | I6: مراجعة لجنة الترشيحات والمكافآت | J6: لجنة الترشيحات والمكافآت | K6: عالية | L6: 46193 | M6: 46175 | N6: فريق الحوكمة | O6: تمت موافاتهم بالنسخة المحدثة | P6: ضمن النطاق | Q6: =IF(I6="معتمد ونافذ","مكتمل",IF(L6="","غير محدد",IF(TODAY()>L6,"متأخر","ضمن الخطة"))) -> ضمن الخطة
A7: 5 | B7: لائحة لجنة الاستثمار | C7: حوكمة | D7: الإدارة المالية | E7: 46082 | F7: 1 | G7: 46091 | H7: =IF(G7="","",IF(I7="معتمد ونافذ","",TODAY()-G7)) -> 100 | I7: مراجعة المختصين | J7: الإدارة المالية | K7: متوسطة | L7: 46218 | M7: 46170 | N7: الإدارة المالية | P7: ضمن النطاق | Q7: =IF(I7="معتمد ونافذ","مكتمل",IF(L7="","غير محدد",IF(TODAY()>L7,"متأخر","ضمن الخطة"))) -> ضمن الخطة
A8: 6 | B8: لائحة اللجنة التنفيذية | C8: حوكمة | D8: الرئيس التنفيذي | E8: 46086 | F8: 1 | G8: 46093 | H8: =IF(G8="","",IF(I8="معتمد ونافذ","",TODAY()-G8)) -> 98 | I8: التعديل لدى الحلول القانونية | J8: الحلول القانونية | K8: متوسطة | L8: 46204 | M8: 46183 | N8: الحلول القانونية | P8: ضمن النطاق | Q8: =IF(I8="معتمد ونافذ","مكتمل",IF(L8="","غير محدد",IF(TODAY()>L8,"متأخر","ضمن الخطة"))) -> ضمن الخطة
A9: 7 | B9: لائحة الرئيس التنفيذي | C9: حوكمة | D9: الرئيس التنفيذي | E9: 46162 | F9: 0 | H9: =IF(G9="","",IF(I9="معتمد ونافذ","",TODAY()-G9)) | I9: مستلم | J9: فريق الحوكمة | K9: متوسطة | L9: 46223 | M9: 46162 | N9: فريق الحوكمة | O9: بانتظار بدء المراجعة | P9: ضمن النطاق | Q9: =IF(I9="معتمد ونافذ","مكتمل",IF(L9="","غير محدد",IF(TODAY()>L9,"متأخر","ضمن الخطة"))) -> ضمن الخطة
A10: 8 | B10: استمارة قياس القدرة المؤسسية | C10: تنظيمي | D10: فريق الحوكمة | E10: 46167 | F10: 0 | H10: =IF(G10="","",IF(I10="معتمد ونافذ","",TODAY()-G10)) | I10: مستلم | J10: فريق الحوكمة | K10: منخفضة | L10: 46233 | M10: 46167 | N10: فريق الحوكمة | P10: ضمن النطاق | Q10: =IF(I10="معتمد ونافذ","مكتمل",IF(L10="","غير محدد",IF(TODAY()>L10,"متأخر","ضمن الخطة"))) -> ضمن الخطة
A11: 9 | B11: مصفوفة الصلاحيات الشاملة | C11: حوكمة | D11: الإدارة التنفيذية | E11: 46073 | F11: 2 | G11: 46083 | H11: =IF(G11="","",IF(I11="معتمد ونافذ","",TODAY()-G11)) -> 108 | I11: مراجعة المختصين | J11: الإدارة التنفيذية | K11: عالية | L11: 46157 | M11: 46174 | N11: الإدارة التنفيذية | O11: تجاوزت الموعد المستهدف | P11: ضمن النطاق | Q11: =IF(I11="معتمد ونافذ","مكتمل",IF(L11="","غير محدد",IF(TODAY()>L11,"متأخر","ضمن الخطة"))) -> متأخر
A12: 10 | B12: سياسة الإفصاح والشفافية | C12: تنظيمي | D12: الشؤون القانونية | E12: 46091 | F12: 1 | G12: 46099 | H12: =IF(G12="","",IF(I12="معتمد ونافذ","",TODAY()-G12)) -> 92 | I12: التعديل لدى الحلول القانونية | J12: الحلول القانونية | K12: متوسطة | L12: 46208 | M12: 46182 | N12: الحلول القانونية | P12: ضمن النطاق | Q12: =IF(I12="معتمد ونافذ","مكتمل",IF(L12="","غير محدد",IF(TODAY()>L12,"متأخر","ضمن الخطة"))) -> ضمن الخطة
A13: 11 | B13: سياسة تعارض المصالح | C13: تنظيمي | D13: الشؤون القانونية | E13: 46092 | F13: 2 | G13: 46101 | H13: =IF(G13="","",IF(I13="معتمد ونافذ","",TODAY()-G13)) -> 90 | I13: مراجعة لجنة الحوكمة | J13: فريق الحوكمة | K13: عالية | L13: 46201 | M13: 46177 | N13: فريق الحوكمة | P13: ضمن النطاق | Q13: =IF(I13="معتمد ونافذ","مكتمل",IF(L13="","غير محدد",IF(TODAY()>L13,"متأخر","ضمن الخطة"))) -> ضمن الخطة
A14: 12 | B14: سياسة إدارة المخاطر | C14: تنظيمي | D14: الإدارة التنفيذية | E14: 46113 | F14: 1 | G14: 46120 | H14: =IF(G14="","",IF(I14="معتمد ونافذ","",TODAY()-G14)) -> 71 | I14: مراجعة المختصين | J14: الإدارة التنفيذية | K14: عالية | L14: 46213 | M14: 46172 | N14: الإدارة التنفيذية | P14: ضمن النطاق | Q14: =IF(I14="معتمد ونافذ","مكتمل",IF(L14="","غير محدد",IF(TODAY()>L14,"متأخر","ضمن الخطة"))) -> ضمن الخطة
A15: 13 | B15: سياسة مكافحة الغش والاحتيال | C15: تنظيمي | D15: الشؤون القانونية | E15: 46160 | F15: 0 | H15: =IF(G15="","",IF(I15="معتمد ونافذ","",TODAY()-G15)) | I15: مستلم | J15: فريق الحوكمة | K15: متوسطة | L15: 46228 | M15: 46160 | N15: فريق الحوكمة | P15: ضمن النطاق | Q15: =IF(I15="معتمد ونافذ","مكتمل",IF(L15="","غير محدد",IF(TODAY()>L15,"متأخر","ضمن الخطة"))) -> ضمن الخطة
A16: 14 | B16: سياسة الالتزام والامتثال | C16: تنظيمي | D16: الشؤون القانونية | E16: 46127 | F16: 1 | G16: 46134 | H16: =IF(G16="","",IF(I16="معتمد ونافذ","",TODAY()-G16)) -> 57 | I16: مراجعة المختصين | J16: الشؤون القانونية | K16: متوسطة | L16: 46215 | M16: 46171 | N16: الشؤون القانونية | P16: ضمن النطاق | Q16: =IF(I16="معتمد ونافذ","مكتمل",IF(L16="","غير محدد",IF(TODAY()>L16,"متأخر","ضمن الخطة"))) -> ضمن الخطة
A17: 15 | B17: سياسة الاستثمار والشركات التابعة | C17: القابضة | D17: الإدارة المالية | E17: 46114 | F17: 1 | G17: 46124 | H17: =IF(G17="","",IF(I17="معتمد ونافذ","",TODAY()-G17)) -> 67 | I17: مراجعة المختصين | J17: الإدارة المالية | K17: عالية | L17: 46211 | M17: 46176 | N17: الإدارة المالية | P17: ضمن النطاق | Q17: =IF(I17="معتمد ونافذ","مكتمل",IF(L17="","غير محدد",IF(TODAY()>L17,"متأخر","ضمن الخطة"))) -> ضمن الخطة
A18: 16 | B18: متابعة الأداء التشغيلي للشركات التابعة | C18: تشغيلي | D18: العمليات والتشغيل | E18: 46164 | F18: 0 | H18: =IF(G18="","",IF(I18="معتمد ونافذ","",TODAY()-G18)) | I18: مستلم | J18: العمليات والتشغيل | K18: متوسطة | L18: 46235 | M18: 46164 | N18: العمليات والتشغيل | P18: ضمن النطاق | Q18: =IF(I18="معتمد ونافذ","مكتمل",IF(L18="","غير محدد",IF(TODAY()>L18,"متأخر","ضمن الخطة"))) -> ضمن الخطة
A19: 17 | B19: تطوير الاستراتيجية الشاملة للمجموعة | C19: القابضة | D19: الرئيس التنفيذي | E19: 46096 | F19: 2 | G19: 46106 | H19: =IF(G19="","",IF(I19="معتمد ونافذ","",TODAY()-G19)) -> 85 | I19: مراجعة المختصين | J19: الرئيس التنفيذي | K19: عالية | L19: 46244 | M19: 46180 | N19: الرئيس التنفيذي | O19: مخرج محوري | P19: ضمن النطاق | Q19: =IF(I19="معتمد ونافذ","مكتمل",IF(L19="","غير محدد",IF(TODAY()>L19,"متأخر","ضمن الخطة"))) -> ضمن الخطة
A20: 18 | B20: سياسة الإبلاغ عن المخالفات | C20: تنظيمي | D20: الشؤون القانونية | E20: 46117 | F20: 1 | G20: 46127 | H20: =IF(G20="","",IF(I20="معتمد ونافذ","",TODAY()-G20)) -> 64 | I20: التعديل لدى الحلول القانونية | J20: الحلول القانونية | K20: متوسطة | L20: 46221 | M20: 46179 | N20: الحلول القانونية | P20: ضمن النطاق | Q20: =IF(I20="معتمد ونافذ","مكتمل",IF(L20="","غير محدد",IF(TODAY()>L20,"متأخر","ضمن الخطة"))) -> ضمن الخطة
A21: 19 | B21: سياسة البيانات والخصوصية | C21: تنظيمي | D21: تقنية المعلومات | E21: 46132 | F21: 1 | G21: 46140 | H21: =IF(G21="","",IF(I21="معتمد ونافذ","",TODAY()-G21)) -> 51 | I21: مراجعة المختصين | J21: تقنية المعلومات | K21: متوسطة | L21: 46225 | M21: 46169 | N21: تقنية المعلومات | P21: ضمن النطاق | Q21: =IF(I21="معتمد ونافذ","مكتمل",IF(L21="","غير محدد",IF(TODAY()>L21,"متأخر","ضمن الخطة"))) -> ضمن الخطة
A22: 20 | B22: مصفوفة الصلاحيات الاستثمارية | C22: القابضة | D22: الإدارة المالية | E22: 46168 | F22: 0 | H22: =IF(G22="","",IF(I22="معتمد ونافذ","",TODAY()-G22)) | I22: مستلم | J22: الإدارة المالية | K22: متوسطة | L22: 46239 | M22: 46168 | N22: الإدارة المالية | P22: ضمن النطاق | Q22: =IF(I22="معتمد ونافذ","مكتمل",IF(L22="","غير محدد",IF(TODAY()>L22,"متأخر","ضمن الخطة"))) -> ضمن الخطة
A23: 21 | B23: مصفوفة صلاحيات الشركات التابعة | C23: القابضة | D23: الإدارة التنفيذية | E23: 46169 | F23: 0 | H23: =IF(G23="","",IF(I23="معتمد ونافذ","",TODAY()-G23)) | I23: مستلم | J23: الإدارة التنفيذية | K23: منخفضة | L23: 46242 | M23: 46169 | N23: الإدارة التنفيذية | P23: ضمن النطاق | Q23: =IF(I23="معتمد ونافذ","مكتمل",IF(L23="","غير محدد",IF(TODAY()>L23,"متأخر","ضمن الخطة"))) -> ضمن الخطة
A24: 22 | B24: مؤشرات الأداء الاستراتيجية | C24: القابضة | D24: الرئيس التنفيذي | E24: 46122 | F24: 1 | G24: 46132 | H24: =IF(G24="","",IF(I24="معتمد ونافذ","",TODAY()-G24)) -> 59 | I24: مراجعة المختصين | J24: الرئيس التنفيذي | K24: عالية | L24: 46246 | M24: 46174 | N24: الرئيس التنفيذي | P24: ضمن النطاق | Q24: =IF(I24="معتمد ونافذ","مكتمل",IF(L24="","غير محدد",IF(TODAY()>L24,"متأخر","ضمن الخطة"))) -> ضمن الخطة

Sheet Steering Committee Meetings
A1: محاضر وقرارات اللجنة التوجيهية — شركة العطيشان القابضة
A2: رقم الاجتماع | B2: تاريخ الاجتماع | C2: عدد الحضور | D2: عدد الغياب | E2: أهم القرارات | F2: الإجراءات المطلوبة | G2: المسؤول | H2: تاريخ الاستحقاق | I2: الحالة
A3: 1 | B3: 46063 | C3: 7 | D3: 1 | E3: اعتماد خطة مشروع الحوكمة والجدول الزمني | F3: رفع مسودة اللوائح الأساسية | G3: فريق الحوكمة | H3: 46082 | I3: مغلق
A4: 2 | B4: 46099 | C4: 6 | D4: 2 | E4: إقرار منهجية المراجعة عبر الحلول القانونية | F4: تسليم سياسات الالتزام والمخاطر | G4: الشؤون القانونية | H4: 46143 | I4: مغلق
A5: 3 | B5: 46154 | C5: 7 | D5: 1 | E5: مراجعة حالة المخرجات المتأخرة | F5: تسريع اعتماد مصفوفة الصلاحيات الشاملة | G5: الإدارة التنفيذية | H5: 46198 | I5: مفتوح
A6: 4 | B6: 46182 | C6: 6 | D6: 2 | E6: الموافقة على رفع لوائح اللجان للمجلس | F6: جدولة جلسة اعتماد لائحة مجلس الإدارة | G6: أمين المجلس | H6: 46203 | I6: مفتوح

Sheet Data
A1: الحالة | B1: العدد | D1: الجهة | E1: العدد | G1: الأولوية | H1: العدد | J1: الالتزام الزمني | K1: العدد | M1: الإنجاز | N1: العدد | Q1: المتأخرة | R1: الحرجة | S1: قرارات مفتوحة | T1: إجراءات مستحقة | AA1: ="التوزيع حسب "&Dashboard!$E$25&IF(Dashboard!$I$25="الكل",""," | التصنيف: "&Dashboard!$I$25)&IF(Dashboard!$M$25="الكل",""," | الأولوية: "&Dashboard!$M$25) -> التوزيع حسب الحالة | AB1: الفئة | AC1: العدد
A2: مستلم | B2: =COUNTIF(tblDeliverables[الحالة الحالية],"مستلم") -> 6 | D2: الملاك | E2: =COUNTIF(tblDeliverables[المختص / الجهة المراجعة],"الملاك") -> 0 | G2: عالية | H2: =COUNTIF(tblDeliverables[الأولوية],"عالية") -> 10 | J2: متأخر | K2: =COUNTIF(tblDeliverables[مؤشر الالتزام الزمني],"متأخر") -> 1 | M2: معتمد ونافذ | N2: =COUNTIF(tblDeliverables[الحالة الحالية],"معتمد ونافذ") -> 1 | AB2: =IFERROR(IF(Dashboard!$E$25="الحالة",INDEX('Lookup Lists'!$A$5:$A$11,1),IF(Dashboard!$E$25="الأولوية",IF(1<=3,INDEX('Lookup Lists'!$B$5:$B$7,1),""),IF(Dashboard!$E$25="التصنيف",IF(1<=4,INDEX('Lookup Lists'!$D$5:$D$8,1),""),IF(Dashboard!$E$25="النطاق",IF(1<=2,INDEX('Lookup Lists'!$K$5:$K$6,1),""),IF(Dashboard!$E$25="الالتزام الزمني",IF(1<=3,INDEX('Lookup Lists'!$J$5:$J$7,1),""),""))))),"") -> مستلم | AC2: =IF($AB$2="",NA(),IF(Dashboard!$E$25="الحالة",SUMPRODUCT((tblDeliverables[الحالة الحالية]=$AB$2)*((( Dashboard!$I$25="الكل")+(tblDeliverables[التصنيف]=Dashboard!$I$25))>0)*((( Dashboard!$M$25="الكل")+(tblDeliverables[الأولوية]=Dashboard!$M$25))>0)),IF(Dashboard!$E$25="الأولوية",SUMPRODUCT((tblDeliverables[الأولوية]=$AB$2)*((( Dashboard!$I$25="الكل")+(tblDeliverables[التصنيف]=Dashboard!$I$25))>0)),IF(Dashboard!$E$25="التصنيف",SUMPRODUCT((tblDeliverables[التصنيف]=$AB$2)*((( Dashboard!$M$25="الكل")+(tblDeliverables[الأولوية]=Dashboard!$M$25))>0)),IF(Dashboard!$E$25="النطاق",SUMPRODUCT((tblDeliverables[النطاق]=$AB$2)*((( Dashboard!$I$25="الكل")+(tblDeliverables[التصنيف]=Dashboard!$I$25))>0)*((( Dashboard!$M$25="الكل")+(tblDeliverables[الأولوية]=Dashboard!$M$25))>0)),IF(Dashboard!$E$25="الالتزام الزمني",SUMPRODUCT((tblDeliverables[مؤشر الالتزام الزمني]=$AB$2)*((( Dashboard!$I$25="الكل")+(tblDeliverables[التصنيف]=Dashboard!$I$25))>0)*((( Dashboard!$M$25="الكل")+(tblDeliverables[الأولوية]=Dashboard!$M$25))>0)),NA())))))) -> 6
A3: مراجعة المختصين | B3: =COUNTIF(tblDeliverables[الحالة الحالية],"مراجعة المختصين") -> 8 | D3: مجلس الإدارة | E3: =COUNTIF(tblDeliverables[المختص / الجهة المراجعة],"مجلس الإدارة") -> 2 | G3: متوسطة | H3: =COUNTIF(tblDeliverables[الأولوية],"متوسطة") -> 10 | J3: ضمن الخطة | K3: =COUNTIF(tblDeliverables[مؤشر الالتزام الزمني],"ضمن الخطة") -> 20 | M3: قيد العمل | N3: =COUNTA(tblDeliverables[المخرج])-N2 -> 21 | Q3: =IFERROR(IF(INDEX(tblDeliverables[مؤشر الالتزام الزمني],1)="متأخر",INDEX(tblDeliverables[المخرج],1),""),"") | R3: =IFERROR(IF(AND(INDEX(tblDeliverables[الأولوية],1)="عالية",INDEX(tblDeliverables[الحالة الحالية],1)<>"معتمد ونافذ",INDEX(tblDeliverables[المخرج],1)<>""),INDEX(tblDeliverables[المخرج],1),""),"") | S3: =IFERROR(IF(INDEX(tblMeetings[الحالة],1)="مفتوح",INDEX(tblMeetings[أهم القرارات],1),""),"") | T3: =IFERROR(IF(AND(INDEX(tblMeetings[تاريخ الاستحقاق],1)<>"",INDEX(tblMeetings[تاريخ الاستحقاق],1)>=TODAY(),INDEX(tblMeetings[تاريخ الاستحقاق],1)<=TODAY()+14,INDEX(tblMeetings[الحالة],1)<>"مغلق"),INDEX(tblMeetings[الإجراءات المطلوبة],1),""),"") | V3: =Q3 | W3: =R3 | X3: =S3 | Y3: =T3 | AB3: =IFERROR(IF(Dashboard!$E$25="الحالة",INDEX('Lookup Lists'!$A$5:$A$11,2),IF(Dashboard!$E$25="الأولوية",IF(2<=3,INDEX('Lookup Lists'!$B$5:$B$7,2),""),IF(Dashboard!$E$25="التصنيف",IF(2<=4,INDEX('Lookup Lists'!$D$5:$D$8,2),""),IF(Dashboard!$E$25="النطاق",IF(2<=2,INDEX('Lookup Lists'!$K$5:$K$6,2),""),IF(Dashboard!$E$25="الالتزام الزمني",IF(2<=3,INDEX('Lookup Lists'!$J$5:$J$7,2),""),""))))),"") -> مراجعة المختصين | AC3: =IF($AB$3="",NA(),IF(Dashboard!$E$25="الحالة",SUMPRODUCT((tblDeliverables[الحالة الحالية]=$AB$3)*((( Dashboard!$I$25="الكل")+(tblDeliverables[التصنيف]=Dashboard!$I$25))>0)*((( Dashboard!$M$25="الكل")+(tblDeliverables[الأولوية]=Dashboard!$M$25))>0)),IF(Dashboard!$E$25="الأولوية",SUMPRODUCT((tblDeliverables[الأولوية]=$AB$3)*((( Dashboard!$I$25="الكل")+(tblDeliverables[التصنيف]=Dashboard!$I$25))>0)),IF(Dashboard!$E$25="التصنيف",SUMPRODUCT((tblDeliverables[التصنيف]=$AB$3)*((( Dashboard!$M$25="الكل")+(tblDeliverables[الأولوية]=Dashboard!$M$25))>0)),IF(Dashboard!$E$25="النطاق",SUMPRODUCT((tblDeliverables[النطاق]=$AB$3)*((( Dashboard!$I$25="الكل")+(tblDeliverables[التصنيف]=Dashboard!$I$25))>0)*((( Dashboard!$M$25="الكل")+(tblDeliverables[الأولوية]=Dashboard!$M$25))>0)),IF(Dashboard!$E$25="الالتزام الزمني",SUMPRODUCT((tblDeliverables[مؤشر الالتزام الزمني]=$AB$3)*((( Dashboard!$I$25="الكل")+(tblDeliverables[التصنيف]=Dashboard!$I$25))>0)*((( Dashboard!$M$25="الكل")+(tblDeliverables[الأولوية]=Dashboard!$M$25))>0)),NA())))))) -> 8
A4: التعديل لدى الحلول القانونية | B4: =COUNTIF(tblDeliverables[الحالة الحالية],"التعديل لدى الحلول القانونية") -> 3 | D4: لجنة المراجعة | E4: =COUNTIF(tblDeliverables[المختص / الجهة المراجعة],"لجنة المراجعة") -> 1 | G4: منخفضة | H4: =COUNTIF(tblDeliverables[الأولوية],"منخفضة") -> 2 | J4: مكتمل | K4: =COUNTIF(tblDeliverables[مؤشر الالتزام الزمني],"مكتمل") -> 1 | Q4: =IFERROR(IF(INDEX(tblDeliverables[مؤشر الالتزام الزمني],2)="متأخر",INDEX(tblDeliverables[المخرج],2),""),"") | R4: =IFERROR(IF(AND(INDEX(tblDeliverables[الأولوية],2)="عالية",INDEX(tblDeliverables[الحالة الحالية],2)<>"معتمد ونافذ",INDEX(tblDeliverables[المخرج],2)<>""),INDEX(tblDeliverables[المخرج],2),""),"") -> لائحة مجلس الإدارة | S4: =IFERROR(IF(INDEX(tblMeetings[الحالة],2)="مفتوح",INDEX(tblMeetings[أهم القرارات],2),""),"") | T4: =IFERROR(IF(AND(INDEX(tblMeetings[تاريخ الاستحقاق],2)<>"",INDEX(tblMeetings[تاريخ الاستحقاق],2)>=TODAY(),INDEX(tblMeetings[تاريخ الاستحقاق],2)<=TODAY()+14,INDEX(tblMeetings[الحالة],2)<>"مغلق"),INDEX(tblMeetings[الإجراءات المطلوبة],2),""),"") | V4: =IF(Q4="",V3,IF(V3="",Q4,V3&"، "&Q4)) | W4: =IF(R4="",W3,IF(W3="",R4,W3&"، "&R4)) -> لائحة مجلس الإدارة | X4: =IF(S4="",X3,IF(X3="",S4,X3&"، "&S4)) | Y4: =IF(T4="",Y3,IF(Y3="",T4,Y3&"، "&T4)) | AB4: =IFERROR(IF(Dashboard!$E$25="الحالة",INDEX('Lookup Lists'!$A$5:$A$11,3),IF(Dashboard!$E$25="الأولوية",IF(3<=3,INDEX('Lookup Lists'!$B$5:$B$7,3),""),IF(Dashboard!$E$25="التصنيف",IF(3<=4,INDEX('Lookup Lists'!$D$5:$D$8,3),""),IF(Dashboard!$E$25="النطاق",IF(3<=2,INDEX('Lookup Lists'!$K$5:$K$6,3),""),IF(Dashboard!$E$25="الالتزام الزمني",IF(3<=3,INDEX('Lookup Lists'!$J$5:$J$7,3),""),""))))),"") -> التعديل لدى الحلول القانونية | AC4: =IF($AB$4="",NA(),IF(Dashboard!$E$25="الحالة",SUMPRODUCT((tblDeliverables[الحالة الحالية]=$AB$4)*((( Dashboard!$I$25="الكل")+(tblDeliverables[التصنيف]=Dashboard!$I$25))>0)*((( Dashboard!$M$25="الكل")+(tblDeliverables[الأولوية]=Dashboard!$M$25))>0)),IF(Dashboard!$E$25="الأولوية",SUMPRODUCT((tblDeliverables[الأولوية]=$AB$4)*((( Dashboard!$I$25="الكل")+(tblDeliverables[التصنيف]=Dashboard!$I$25))>0)),IF(Dashboard!$E$25="التصنيف",SUMPRODUCT((tblDeliverables[التصنيف]=$AB$4)*((( Dashboard!$M$25="الكل")+(tblDeliverables[الأولوية]=Dashboard!$M$25))>0)),IF(Dashboard!$E$25="النطاق",SUMPRODUCT((tblDeliverables[النطاق]=$AB$4)*((( Dashboard!$I$25="الكل")+(tblDeliverables[التصنيف]=Dashboard!$I$25))>0)*((( Dashboard!$M$25="الكل")+(tblDeliverables[الأولوية]=Dashboard!$M$25))>0)),IF(Dashboard!$E$25="الالتزام الزمني",SUMPRODUCT((tblDeliverables[مؤشر الالتزام الزمني]=$AB$4)*((( Dashboard!$I$25="الكل")+(tblDeliverables[التصنيف]=Dashboard!$I$25))>0)*((( Dashboard!$M$25="الكل")+(tblDeliverables[الأولوية]=Dashboard!$M$25))>0)),NA())))))) -> 3
A5: مراجعة لجنة الحوكمة | B5: =COUNTIF(tblDeliverables[الحالة الحالية],"مراجعة لجنة الحوكمة") -> 2 | D5: لجنة الترشيحات والمكافآت | E5: =COUNTIF(tblDeliverables[المختص / الجهة المراجعة],"لجنة الترشيحات والمكافآت") -> 1 | Q5: =IFERROR(IF(INDEX(tblDeliverables[مؤشر الالتزام الزمني],3)="متأخر",INDEX(tblDeliverables[المخرج],3),""),"") | R5: =IFERROR(IF(AND(INDEX(tblDeliverables[الأولوية],3)="عالية",INDEX(tblDeliverables[الحالة الحالية],3)<>"معتمد ونافذ",INDEX(tblDeliverables[المخرج],3)<>""),INDEX(tblDeliverables[المخرج],3),""),"") -> لائحة لجنة المراجعة | S5: =IFERROR(IF(INDEX(tblMeetings[الحالة],3)="مفتوح",INDEX(tblMeetings[أهم القرارات],3),""),"") -> مراجعة حالة المخرجات المتأخرة | T5: =IFERROR(IF(AND(INDEX(tblMeetings[تاريخ الاستحقاق],3)<>"",INDEX(tblMeetings[تاريخ الاستحقاق],3)>=TODAY(),INDEX(tblMeetings[تاريخ الاستحقاق],3)<=TODAY()+14,INDEX(tblMeetings[الحالة],3)<>"مغلق"),INDEX(tblMeetings[الإجراءات المطلوبة],3),""),"") -> تسريع اعتماد مصفوفة الصلاحيات الشاملة | V5: =IF(Q5="",V4,IF(V4="",Q5,V4&"، "&Q5)) | W5: =IF(R5="",W4,IF(W4="",R5,W4&"، "&R5)) -> لائحة مجلس الإدارة، لائحة لجنة المراجعة | X5: =IF(S5="",X4,IF(X4="",S5,X4&"، "&S5)) -> مراجعة حالة المخرجات المتأخرة | Y5: =IF(T5="",Y4,IF(Y4="",T5,Y4&"، "&T5)) -> تسريع اعتماد مصفوفة الصلاحيات الشاملة | AB5: =IFERROR(IF(Dashboard!$E$25="الحالة",INDEX('Lookup Lists'!$A$5:$A$11,4),IF(Dashboard!$E$25="الأولوية",IF(4<=3,INDEX('Lookup Lists'!$B$5:$B$7,4),""),IF(Dashboard!$E$25="التصنيف",IF(4<=4,INDEX('Lookup Lists'!$D$5:$D$8,4),""),IF(Dashboard!$E$25="النطاق",IF(4<=2,INDEX('Lookup Lists'!$K$5:$K$6,4),""),IF(Dashboard!$E$25="الالتزام الزمني",IF(4<=3,INDEX('Lookup Lists'!$J$5:$J$7,4),""),""))))),"") -> مراجعة لجنة الحوكمة | AC5: =IF($AB$5="",NA(),IF(Dashboard!$E$25="الحالة",SUMPRODUCT((tblDeliverables[الحالة الحالية]=$AB$5)*((( Dashboard!$I$25="الكل")+(tblDeliverables[التصنيف]=Dashboard!$I$25))>0)*((( Dashboard!$M$25="الكل")+(tblDeliverables[الأولوية]=Dashboard!$M$25))>0)),IF(Dashboard!$E$25="الأولوية",SUMPRODUCT((tblDeliverables[الأولوية]=$AB$5)*((( Dashboard!$I$25="الكل")+(tblDeliverables[التصنيف]=Dashboard!$I$25))>0)),IF(Dashboard!$E$25="التصنيف",SUMPRODUCT((tblDeliverables[التصنيف]=$AB$5)*((( Dashboard!$M$25="الكل")+(tblDeliverables[الأولوية]=Dashboard!$M$25))>0)),IF(Dashboard!$E$25="النطاق",SUMPRODUCT((tblDeliverables[النطاق]=$AB$5)*((( Dashboard!$I$25="الكل")+(tblDeliverables[التصنيف]=Dashboard!$I$25))>0)*((( Dashboard!$M$25="الكل")+(tblDeliverables[الأولوية]=Dashboard!$M$25))>0)),IF(Dashboard!$E$25="الالتزام الزمني",SUMPRODUCT((tblDeliverables[مؤشر الالتزام الزمني]=$AB$5)*((( Dashboard!$I$25="الكل")+(tblDeliverables[التصنيف]=Dashboard!$I$25))>0)*((( Dashboard!$M$25="الكل")+(tblDeliverables[الأولوية]=Dashboard!$M$25))>0)),NA())))))) -> 2
A6: مراجعة لجنة الترشيحات والمكافآت | B6: =COUNTIF(tblDeliverables[الحالة الحالية],"مراجعة لجنة الترشيحات والمكافآت") -> 1 | D6: الرئيس التنفيذي | E6: =COUNTIF(tblDeliverables[المختص / الجهة المراجعة],"الرئيس التنفيذي") -> 4 | Q6: =IFERROR(IF(INDEX(tblDeliverables[مؤشر الالتزام الزمني],4)="متأخر",INDEX(tblDeliverables[المخرج],4),""),"") | R6: =IFERROR(IF(AND(INDEX(tblDeliverables[الأولوية],4)="عالية",INDEX(tblDeliverables[الحالة الحالية],4)<>"معتمد ونافذ",INDEX(tblDeliverables[المخرج],4)<>""),INDEX(tblDeliverables[المخرج],4),""),"") -> لائحة لجنة الترشيحات والمكافآت | S6: =IFERROR(IF(INDEX(tblMeetings[الحالة],4)="مفتوح",INDEX(tblMeetings[أهم القرارات],4),""),"") -> الموافقة على رفع لوائح اللجان للمجلس | T6: =IFERROR(IF(AND(INDEX(tblMeetings[تاريخ الاستحقاق],4)<>"",INDEX(tblMeetings[تاريخ الاستحقاق],4)>=TODAY(),INDEX(tblMeetings[تاريخ الاستحقاق],4)<=TODAY()+14,INDEX(tblMeetings[الحالة],4)<>"مغلق"),INDEX(tblMeetings[الإجراءات المطلوبة],4),""),"") -> جدولة جلسة اعتماد لائحة مجلس الإدارة | V6: =IF(Q6="",V5,IF(V5="",Q6,V5&"، "&Q6)) | W6: =IF(R6="",W5,IF(W5="",R6,W5&"، "&R6)) -> لائحة مجلس الإدارة، لائحة لجنة المراجعة، لائحة لجنة الترشيحات والمكافآت | X6: =IF(S6="",X5,IF(X5="",S6,X5&"، "&S6)) -> مراجعة حالة المخرجات المتأخرة، الموافقة على رفع لوائح اللجان للمجلس | Y6: =IF(T6="",Y5,IF(Y5="",T6,Y5&"، "&T6)) -> تسريع اعتماد مصفوفة الصلاحيات الشاملة، جدولة جلسة اعتماد لائحة مجلس الإدارة | AB6: =IFERROR(IF(Dashboard!$E$25="الحالة",INDEX('Lookup Lists'!$A$5:$A$11,5),IF(Dashboard!$E$25="الأولوية",IF(5<=3,INDEX('Lookup Lists'!$B$5:$B$7,5),""),IF(Dashboard!$E$25="التصنيف",IF(5<=4,INDEX('Lookup Lists'!$D$5:$D$8,5),""),IF(Dashboard!$E$25="النطاق",IF(5<=2,INDEX('Lookup Lists'!$K$5:$K$6,5),""),IF(Dashboard!$E$25="الالتزام الزمني",IF(5<=3,INDEX('Lookup Lists'!$J$5:$J$7,5),""),""))))),"") -> مراجعة لجنة الترشيحات والمكافآت | AC6: =IF($AB$6="",NA(),IF(Dashboard!$E$25="الحالة",SUMPRODUCT((tblDeliverables[الحالة الحالية]=$AB$6)*((( Dashboard!$I$25="الكل")+(tblDeliverables[التصنيف]=Dashboard!$I$25))>0)*((( Dashboard!$M$25="الكل")+(tblDeliverables[الأولوية]=Dashboard!$M$25))>0)),IF(Dashboard!$E$25="الأولوية",SUMPRODUCT((tblDeliverables[الأولوية]=$AB$6)*((( Dashboard!$I$25="الكل")+(tblDeliverables[التصنيف]=Dashboard!$I$25))>0)),IF(Dashboard!$E$25="التصنيف",SUMPRODUCT((tblDeliverables[التصنيف]=$AB$6)*((( Dashboard!$M$25="الكل")+(tblDeliverables[الأولوية]=Dashboard!$M$25))>0)),IF(Dashboard!$E$25="النطاق",SUMPRODUCT((tblDeliverables[النطاق]=$AB$6)*((( Dashboard!$I$25="الكل")+(tblDeliverables[التصنيف]=Dashboard!$I$25))>0)*((( Dashboard!$M$25="الكل")+(tblDeliverables[الأولوية]=Dashboard!$M$25))>0)),IF(Dashboard!$E$25="الالتزام الزمني",SUMPRODUCT((tblDeliverables[مؤشر الالتزام الزمني]=$AB$6)*((( Dashboard!$I$25="الكل")+(tblDeliverables[التصنيف]=Dashboard!$I$25))>0)*((( Dashboard!$M$25="الكل")+(tblDeliverables[الأولوية]=Dashboard!$M$25))>0)),NA())))))) -> 1
A7: اعتماد مجلس الإدارة | B7: =COUNTIF(tblDeliverables[الحالة الحالية],"اعتماد مجلس الإدارة") -> 1 | D7: الإدارة التنفيذية | E7: =COUNTIF(tblDeliverables[المختص / الجهة المراجعة],"الإدارة التنفيذية") -> 3 | Q7: =IFERROR(IF(INDEX(tblDeliverables[مؤشر الالتزام الزمني],5)="متأخر",INDEX(tblDeliverables[المخرج],5),""),"") | R7: =IFERROR(IF(AND(INDEX(tblDeliverables[الأولوية],5)="عالية",INDEX(tblDeliverables[الحالة الحالية],5)<>"معتمد ونافذ",INDEX(tblDeliverables[المخرج],5)<>""),INDEX(tblDeliverables[المخرج],5),""),"") | S7: =IFERROR(IF(INDEX(tblMeetings[الحالة],5)="مفتوح",INDEX(tblMeetings[أهم القرارات],5),""),"") | T7: =IFERROR(IF(AND(INDEX(tblMeetings[تاريخ الاستحقاق],5)<>"",INDEX(tblMeetings[تاريخ الاستحقاق],5)>=TODAY(),INDEX(tblMeetings[تاريخ الاستحقاق],5)<=TODAY()+14,INDEX(tblMeetings[الحالة],5)<>"مغلق"),INDEX(tblMeetings[الإجراءات المطلوبة],5),""),"") | V7: =IF(Q7="",V6,IF(V6="",Q7,V6&"، "&Q7)) | W7: =IF(R7="",W6,IF(W6="",R7,W6&"، "&R7)) -> لائحة مجلس الإدارة، لائحة لجنة المراجعة، لائحة لجنة الترشيحات والمكافآت | X7: =IF(S7="",X6,IF(X6="",S7,X6&"، "&S7)) -> مراجعة حالة المخرجات المتأخرة، الموافقة على رفع لوائح اللجان للمجلس | Y7: =IF(T7="",Y6,IF(Y6="",T7,Y6&"، "&T7)) -> تسريع اعتماد مصفوفة الصلاحيات الشاملة، جدولة جلسة اعتماد لائحة مجلس الإدارة | AB7: =IFERROR(IF(Dashboard!$E$25="الحالة",INDEX('Lookup Lists'!$A$5:$A$11,6),IF(Dashboard!$E$25="الأولوية",IF(6<=3,INDEX('Lookup Lists'!$B$5:$B$7,6),""),IF(Dashboard!$E$25="التصنيف",IF(6<=4,INDEX('Lookup Lists'!$D$5:$D$8,6),""),IF(Dashboard!$E$25="النطاق",IF(6<=2,INDEX('Lookup Lists'!$K$5:$K$6,6),""),IF(Dashboard!$E$25="الالتزام الزمني",IF(6<=3,INDEX('Lookup Lists'!$J$5:$J$7,6),""),""))))),"") -> اعتماد مجلس الإدارة | AC7: =IF($AB$7="",NA(),IF(Dashboard!$E$25="الحالة",SUMPRODUCT((tblDeliverables[الحالة الحالية]=$AB$7)*((( Dashboard!$I$25="الكل")+(tblDeliverables[التصنيف]=Dashboard!$I$25))>0)*((( Dashboard!$M$25="الكل")+(tblDeliverables[الأولوية]=Dashboard!$M$25))>0)),IF(Dashboard!$E$25="الأولوية",SUMPRODUCT((tblDeliverables[الأولوية]=$AB$7)*((( Dashboard!$I$25="الكل")+(tblDeliverables[التصنيف]=Dashboard!$I$25))>0)),IF(Dashboard!$E$25="التصنيف",SUMPRODUCT((tblDeliverables[التصنيف]=$AB$7)*((( Dashboard!$M$25="الكل")+(tblDeliverables[الأولوية]=Dashboard!$M$25))>0)),IF(Dashboard!$E$25="النطاق",SUMPRODUCT((tblDeliverables[النطاق]=$AB$7)*((( Dashboard!$I$25="الكل")+(tblDeliverables[التصنيف]=Dashboard!$I$25))>0)*((( Dashboard!$M$25="الكل")+(tblDeliverables[الأولوية]=Dashboard!$M$25))>0)),IF(Dashboard!$E$25="الالتزام الزمني",SUMPRODUCT((tblDeliverables[مؤشر الالتزام الزمني]=$AB$7)*((( Dashboard!$I$25="الكل")+(tblDeliverables[التصنيف]=Dashboard!$I$25))>0)*((( Dashboard!$M$25="الكل")+(tblDeliverables[الأولوية]=Dashboard!$M$25))>0)),NA())))))) -> 1
A8: معتمد ونافذ | B8: =COUNTIF(tblDeliverables[الحالة الحالية],"معتمد ونافذ") -> 1 | D8: عامر البيروتي | E8: =COUNTIF(tblDeliverables[المختص / الجهة المراجعة],"عامر البيروتي") -> 0 | Q8: =IFERROR(IF(INDEX(tblDeliverables[مؤشر الالتزام الزمني],6)="متأخر",INDEX(tblDeliverables[المخرج],6),""),"") | R8: =IFERROR(IF(AND(INDEX(tblDeliverables[الأولوية],6)="عالية",INDEX(tblDeliverables[الحالة الحالية],6)<>"معتمد ونافذ",INDEX(tblDeliverables[المخرج],6)<>""),INDEX(tblDeliverables[المخرج],6),""),"") | S8: =IFERROR(IF(INDEX(tblMeetings[الحالة],6)="مفتوح",INDEX(tblMeetings[أهم القرارات],6),""),"") | T8: =IFERROR(IF(AND(INDEX(tblMeetings[تاريخ الاستحقاق],6)<>"",INDEX(tblMeetings[تاريخ الاستحقاق],6)>=TODAY(),INDEX(tblMeetings[تاريخ الاستحقاق],6)<=TODAY()+14,INDEX(tblMeetings[الحالة],6)<>"مغلق"),INDEX(tblMeetings[الإجراءات المطلوبة],6),""),"") | V8: =IF(Q8="",V7,IF(V7="",Q8,V7&"، "&Q8)) | W8: =IF(R8="",W7,IF(W7="",R8,W7&"، "&R8)) -> لائحة مجلس الإدارة، لائحة لجنة المراجعة، لائحة لجنة الترشيحات والمكافآت | X8: =IF(S8="",X7,IF(X7="",S8,X7&"، "&S8)) -> مراجعة حالة المخرجات المتأخرة، الموافقة على رفع لوائح اللجان للمجلس | Y8: =IF(T8="",Y7,IF(Y7="",T8,Y7&"، "&T8)) -> تسريع اعتماد مصفوفة الصلاحيات الشاملة، جدولة جلسة اعتماد لائحة مجلس الإدارة | AB8: =IFERROR(IF(Dashboard!$E$25="الحالة",INDEX('Lookup Lists'!$A$5:$A$11,7),IF(Dashboard!$E$25="الأولوية",IF(7<=3,INDEX('Lookup Lists'!$B$5:$B$7,7),""),IF(Dashboard!$E$25="التصنيف",IF(7<=4,INDEX('Lookup Lists'!$D$5:$D$8,7),""),IF(Dashboard!$E$25="النطاق",IF(7<=2,INDEX('Lookup Lists'!$K$5:$K$6,7),""),IF(Dashboard!$E$25="الالتزام الزمني",IF(7<=3,INDEX('Lookup Lists'!$J$5:$J$7,7),""),""))))),"") -> معتمد ونافذ | AC8: =IF($AB$8="",NA(),IF(Dashboard!$E$25="الحالة",SUMPRODUCT((tblDeliverables[الحالة الحالية]=$AB$8)*((( Dashboard!$I$25="الكل")+(tblDeliverables[التصنيف]=Dashboard!$I$25))>0)*((( Dashboard!$M$25="الكل")+(tblDeliverables[الأولوية]=Dashboard!$M$25))>0)),IF(Dashboard!$E$25="الأولوية",SUMPRODUCT((tblDeliverables[الأولوية]=$AB$8)*((( Dashboard!$I$25="الكل")+(tblDeliverables[التصنيف]=Dashboard!$I$25))>0)),IF(Dashboard!$E$25="التصنيف",SUMPRODUCT((tblDeliverables[التصنيف]=$AB$8)*((( Dashboard!$M$25="الكل")+(tblDeliverables[الأولوية]=Dashboard!$M$25))>0)),IF(Dashboard!$E$25="النطاق",SUMPRODUCT((tblDeliverables[النطاق]=$AB$8)*((( Dashboard!$I$25="الكل")+(tblDeliverables[التصنيف]=Dashboard!$I$25))>0)*((( Dashboard!$M$25="الكل")+(tblDeliverables[الأولوية]=Dashboard!$M$25))>0)),IF(Dashboard!$E$25="الالتزام الزمني",SUMPRODUCT((tblDeliverables[مؤشر الالتزام الزمني]=$AB$8)*((( Dashboard!$I$25="الكل")+(tblDeliverables[التصنيف]=Dashboard!$I$25))>0)*((( Dashboard!$M$25="الكل")+(tblDeliverables[الأولوية]=Dashboard!$M$25))>0)),NA())))))) -> 1
D9: أمين المجلس | E9: =COUNTIF(tblDeliverables[المختص / الجهة المراجعة],"أمين المجلس") -> 0 | Q9: =IFERROR(IF(INDEX(tblDeliverables[مؤشر الالتزام الزمني],7)="متأخر",INDEX(tblDeliverables[المخرج],7),""),"") | R9: =IFERROR(IF(AND(INDEX(tblDeliverables[الأولوية],7)="عالية",INDEX(tblDeliverables[الحالة الحالية],7)<>"معتمد ونافذ",INDEX(tblDeliverables[المخرج],7)<>""),INDEX(tblDeliverables[المخرج],7),""),"") | S9: =IFERROR(IF(INDEX(tblMeetings[الحالة],7)="مفتوح",INDEX(tblMeetings[أهم القرارات],7),""),"") | T9: =IFERROR(IF(AND(INDEX(tblMeetings[تاريخ الاستحقاق],7)<>"",INDEX(tblMeetings[تاريخ الاستحقاق],7)>=TODAY(),INDEX(tblMeetings[تاريخ الاستحقاق],7)<=TODAY()+14,INDEX(tblMeetings[الحالة],7)<>"مغلق"),INDEX(tblMeetings[الإجراءات المطلوبة],7),""),"") | V9: =IF(Q9="",V8,IF(V8="",Q9,V8&"، "&Q9)) | W9: =IF(R9="",W8,IF(W8="",R9,W8&"، "&R9)) -> لائحة مجلس الإدارة، لائحة لجنة المراجعة، لائحة لجنة الترشيحات والمكافآت | X9: =IF(S9="",X8,IF(X8="",S9,X8&"، "&S9)) -> مراجعة حالة المخرجات المتأخرة، الموافقة على رفع لوائح اللجان للمجلس | Y9: =IF(T9="",Y8,IF(Y8="",T9,Y8&"، "&T9)) -> تسريع اعتماد مصفوفة الصلاحيات الشاملة، جدولة جلسة اعتماد لائحة مجلس الإدارة
D10: الموارد البشرية | E10: =COUNTIF(tblDeliverables[المختص / الجهة المراجعة],"الموارد البشرية") -> 0 | Q10: =IFERROR(IF(INDEX(tblDeliverables[مؤشر الالتزام الزمني],8)="متأخر",INDEX(tblDeliverables[المخرج],8),""),"") | R10: =IFERROR(IF(AND(INDEX(tblDeliverables[الأولوية],8)="عالية",INDEX(tblDeliverables[الحالة الحالية],8)<>"معتمد ونافذ",INDEX(tblDeliverables[المخرج],8)<>""),INDEX(tblDeliverables[المخرج],8),""),"") | S10: =IFERROR(IF(INDEX(tblMeetings[الحالة],8)="مفتوح",INDEX(tblMeetings[أهم القرارات],8),""),"") | T10: =IFERROR(IF(AND(INDEX(tblMeetings[تاريخ الاستحقاق],8)<>"",INDEX(tblMeetings[تاريخ الاستحقاق],8)>=TODAY(),INDEX(tblMeetings[تاريخ الاستحقاق],8)<=TODAY()+14,INDEX(tblMeetings[الحالة],8)<>"مغلق"),INDEX(tblMeetings[الإجراءات المطلوبة],8),""),"") | V10: =IF(Q10="",V9,IF(V9="",Q10,V9&"، "&Q10)) | W10: =IF(R10="",W9,IF(W9="",R10,W9&"، "&R10)) -> لائحة مجلس الإدارة، لائحة لجنة المراجعة، لائحة لجنة الترشيحات والمكافآت | X10: =IF(S10="",X9,IF(X9="",S10,X9&"، "&S10)) -> مراجعة حالة المخرجات المتأخرة، الموافقة على رفع لوائح اللجان للمجلس | Y10: =IF(T10="",Y9,IF(Y9="",T10,Y9&"، "&T10)) -> تسريع اعتماد مصفوفة الصلاحيات الشاملة، جدولة جلسة اعتماد لائحة مجلس الإدارة
D11: الإدارة المالية | E11: =COUNTIF(tblDeliverables[المختص / الجهة المراجعة],"الإدارة المالية") -> 3 | Q11: =IFERROR(IF(INDEX(tblDeliverables[مؤشر الالتزام الزمني],9)="متأخر",INDEX(tblDeliverables[المخرج],9),""),"") -> مصفوفة الصلاحيات الشاملة | R11: =IFERROR(IF(AND(INDEX(tblDeliverables[الأولوية],9)="عالية",INDEX(tblDeliverables[الحالة الحالية],9)<>"معتمد ونافذ",INDEX(tblDeliverables[المخرج],9)<>""),INDEX(tblDeliverables[المخرج],9),""),"") -> مصفوفة الصلاحيات الشاملة | S11: =IFERROR(IF(INDEX(tblMeetings[الحالة],9)="مفتوح",INDEX(tblMeetings[أهم القرارات],9),""),"") | T11: =IFERROR(IF(AND(INDEX(tblMeetings[تاريخ الاستحقاق],9)<>"",INDEX(tblMeetings[تاريخ الاستحقاق],9)>=TODAY(),INDEX(tblMeetings[تاريخ الاستحقاق],9)<=TODAY()+14,INDEX(tblMeetings[الحالة],9)<>"مغلق"),INDEX(tblMeetings[الإجراءات المطلوبة],9),""),"") | V11: =IF(Q11="",V10,IF(V10="",Q11,V10&"، "&Q11)) -> مصفوفة الصلاحيات الشاملة | W11: =IF(R11="",W10,IF(W10="",R11,W10&"، "&R11)) -> لائحة مجلس الإدارة، لائحة لجنة المراجعة، لائحة لجنة الترشيحات والمكافآت، مصفوفة الصلاحيات الشاملة | X11: =IF(S11="",X10,IF(X10="",S11,X10&"، "&S11)) -> مراجعة حالة المخرجات المتأخرة، الموافقة على رفع لوائح اللجان للمجلس | Y11: =IF(T11="",Y10,IF(Y10="",T11,Y10&"، "&T11)) -> تسريع اعتماد مصفوفة الصلاحيات الشاملة، جدولة جلسة اعتماد لائحة مجلس الإدارة
D12: تقنية المعلومات | E12: =COUNTIF(tblDeliverables[المختص / الجهة المراجعة],"تقنية المعلومات") -> 1 | Q12: =IFERROR(IF(INDEX(tblDeliverables[مؤشر الالتزام الزمني],10)="متأخر",INDEX(tblDeliverables[المخرج],10),""),"") | R12: =IFERROR(IF(AND(INDEX(tblDeliverables[الأولوية],10)="عالية",INDEX(tblDeliverables[الحالة الحالية],10)<>"معتمد ونافذ",INDEX(tblDeliverables[المخرج],10)<>""),INDEX(tblDeliverables[المخرج],10),""),"") | S12: =IFERROR(IF(INDEX(tblMeetings[الحالة],10)="مفتوح",INDEX(tblMeetings[أهم القرارات],10),""),"") | T12: =IFERROR(IF(AND(INDEX(tblMeetings[تاريخ الاستحقاق],10)<>"",INDEX(tblMeetings[تاريخ الاستحقاق],10)>=TODAY(),INDEX(tblMeetings[تاريخ الاستحقاق],10)<=TODAY()+14,INDEX(tblMeetings[الحالة],10)<>"مغلق"),INDEX(tblMeetings[الإجراءات المطلوبة],10),""),"") | V12: =IF(Q12="",V11,IF(V11="",Q12,V11&"، "&Q12)) -> مصفوفة الصلاحيات الشاملة | W12: =IF(R12="",W11,IF(W11="",R12,W11&"، "&R12)) -> لائحة مجلس الإدارة، لائحة لجنة المراجعة، لائحة لجنة الترشيحات والمكافآت، مصفوفة الصلاحيات الشاملة | X12: =IF(S12="",X11,IF(X11="",S12,X11&"، "&S12)) -> مراجعة حالة المخرجات المتأخرة، الموافقة على رفع لوائح اللجان للمجلس | Y12: =IF(T12="",Y11,IF(Y11="",T12,Y11&"، "&T12)) -> تسريع اعتماد مصفوفة الصلاحيات الشاملة، جدولة جلسة اعتماد لائحة مجلس الإدارة
D13: الشؤون القانونية | E13: =COUNTIF(tblDeliverables[المختص / الجهة المراجعة],"الشؤون القانونية") -> 5 | Q13: =IFERROR(IF(INDEX(tblDeliverables[مؤشر الالتزام الزمني],11)="متأخر",INDEX(tblDeliverables[المخرج],11),""),"") | R13: =IFERROR(IF(AND(INDEX(tblDeliverables[الأولوية],11)="عالية",INDEX(tblDeliverables[الحالة الحالية],11)<>"معتمد ونافذ",INDEX(tblDeliverables[المخرج],11)<>""),INDEX(tblDeliverables[المخرج],11),""),"") -> سياسة تعارض المصالح | S13: =IFERROR(IF(INDEX(tblMeetings[الحالة],11)="مفتوح",INDEX(tblMeetings[أهم القرارات],11),""),"") | T13: =IFERROR(IF(AND(INDEX(tblMeetings[تاريخ الاستحقاق],11)<>"",INDEX(tblMeetings[تاريخ الاستحقاق],11)>=TODAY(),INDEX(tblMeetings[تاريخ الاستحقاق],11)<=TODAY()+14,INDEX(tblMeetings[الحالة],11)<>"مغلق"),INDEX(tblMeetings[الإجراءات المطلوبة],11),""),"") | V13: =IF(Q13="",V12,IF(V12="",Q13,V12&"، "&Q13)) -> مصفوفة الصلاحيات الشاملة | W13: =IF(R13="",W12,IF(W12="",R13,W12&"، "&R13)) -> لائحة مجلس الإدارة، لائحة لجنة المراجعة، لائحة لجنة الترشيحات والمكافآت، مصفوفة الصلاحيات الشاملة، سياسة تعارض المصالح | X13: =IF(S13="",X12,IF(X12="",S13,X12&"، "&S13)) -> مراجعة حالة المخرجات المتأخرة، الموافقة على رفع لوائح اللجان للمجلس | Y13: =IF(T13="",Y12,IF(Y12="",T13,Y12&"، "&T13)) -> تسريع اعتماد مصفوفة الصلاحيات الشاملة، جدولة جلسة اعتماد لائحة مجلس الإدارة
D14: الإدارة التجارية | E14: =COUNTIF(tblDeliverables[المختص / الجهة المراجعة],"الإدارة التجارية") -> 0 | Q14: =IFERROR(IF(INDEX(tblDeliverables[مؤشر الالتزام الزمني],12)="متأخر",INDEX(tblDeliverables[المخرج],12),""),"") | R14: =IFERROR(IF(AND(INDEX(tblDeliverables[الأولوية],12)="عالية",INDEX(tblDeliverables[الحالة الحالية],12)<>"معتمد ونافذ",INDEX(tblDeliverables[المخرج],12)<>""),INDEX(tblDeliverables[المخرج],12),""),"") -> سياسة إدارة المخاطر | S14: =IFERROR(IF(INDEX(tblMeetings[الحالة],12)="مفتوح",INDEX(tblMeetings[أهم القرارات],12),""),"") | T14: =IFERROR(IF(AND(INDEX(tblMeetings[تاريخ الاستحقاق],12)<>"",INDEX(tblMeetings[تاريخ الاستحقاق],12)>=TODAY(),INDEX(tblMeetings[تاريخ الاستحقاق],12)<=TODAY()+14,INDEX(tblMeetings[الحالة],12)<>"مغلق"),INDEX(tblMeetings[الإجراءات المطلوبة],12),""),"") | V14: =IF(Q14="",V13,IF(V13="",Q14,V13&"، "&Q14)) -> مصفوفة الصلاحيات الشاملة | W14: =IF(R14="",W13,IF(W13="",R14,W13&"، "&R14)) -> لائحة مجلس الإدارة، لائحة لجنة المراجعة، لائحة لجنة الترشيحات والمكافآت، مصفوفة الصلاحيات الشاملة، سياسة تعارض المصالح، سياسة إدارة المخاطر | X14: =IF(S14="",X13,IF(X13="",S14,X13&"، "&S14)) -> مراجعة حالة المخرجات المتأخرة، الموافقة على رفع لوائح اللجان للمجلس | Y14: =IF(T14="",Y13,IF(Y13="",T14,Y13&"، "&T14)) -> تسريع اعتماد مصفوفة الصلاحيات الشاملة، جدولة جلسة اعتماد لائحة مجلس الإدارة
D15: العمليات والتشغيل | E15: =COUNTIF(tblDeliverables[المختص / الجهة المراجعة],"العمليات والتشغيل") -> 1 | Q15: =IFERROR(IF(INDEX(tblDeliverables[مؤشر الالتزام الزمني],13)="متأخر",INDEX(tblDeliverables[المخرج],13),""),"") | R15: =IFERROR(IF(AND(INDEX(tblDeliverables[الأولوية],13)="عالية",INDEX(tblDeliverables[الحالة الحالية],13)<>"معتمد ونافذ",INDEX(tblDeliverables[المخرج],13)<>""),INDEX(tblDeliverables[المخرج],13),""),"") | S15: =IFERROR(IF(INDEX(tblMeetings[الحالة],13)="مفتوح",INDEX(tblMeetings[أهم القرارات],13),""),"") | T15: =IFERROR(IF(AND(INDEX(tblMeetings[تاريخ الاستحقاق],13)<>"",INDEX(tblMeetings[تاريخ الاستحقاق],13)>=TODAY(),INDEX(tblMeetings[تاريخ الاستحقاق],13)<=TODAY()+14,INDEX(tblMeetings[الحالة],13)<>"مغلق"),INDEX(tblMeetings[الإجراءات المطلوبة],13),""),"") | V15: =IF(Q15="",V14,IF(V14="",Q15,V14&"، "&Q15)) -> مصفوفة الصلاحيات الشاملة | W15: =IF(R15="",W14,IF(W14="",R15,W14&"، "&R15)) -> لائحة مجلس الإدارة، لائحة لجنة المراجعة، لائحة لجنة الترشيحات والمكافآت، مصفوفة الصلاحيات الشاملة، سياسة تعارض المصالح، سياسة إدارة المخاطر | X15: =IF(S15="",X14,IF(X14="",S15,X14&"، "&S15)) -> مراجعة حالة المخرجات المتأخرة، الموافقة على رفع لوائح اللجان للمجلس | Y15: =IF(T15="",Y14,IF(Y14="",T15,Y14&"، "&T15)) -> تسريع اعتماد مصفوفة الصلاحيات الشاملة، جدولة جلسة اعتماد لائحة مجلس الإدارة
D16: المشتريات والمستودعات | E16: =COUNTIF(tblDeliverables[المختص / الجهة المراجعة],"المشتريات والمستودعات") -> 0 | Q16: =IFERROR(IF(INDEX(tblDeliverables[مؤشر الالتزام الزمني],14)="متأخر",INDEX(tblDeliverables[المخرج],14),""),"") | R16: =IFERROR(IF(AND(INDEX(tblDeliverables[الأولوية],14)="عالية",INDEX(tblDeliverables[الحالة الحالية],14)<>"معتمد ونافذ",INDEX(tblDeliverables[المخرج],14)<>""),INDEX(tblDeliverables[المخرج],14),""),"") | S16: =IFERROR(IF(INDEX(tblMeetings[الحالة],14)="مفتوح",INDEX(tblMeetings[أهم القرارات],14),""),"") | T16: =IFERROR(IF(AND(INDEX(tblMeetings[تاريخ الاستحقاق],14)<>"",INDEX(tblMeetings[تاريخ الاستحقاق],14)>=TODAY(),INDEX(tblMeetings[تاريخ الاستحقاق],14)<=TODAY()+14,INDEX(tblMeetings[الحالة],14)<>"مغلق"),INDEX(tblMeetings[الإجراءات المطلوبة],14),""),"") | V16: =IF(Q16="",V15,IF(V15="",Q16,V15&"، "&Q16)) -> مصفوفة الصلاحيات الشاملة | W16: =IF(R16="",W15,IF(W15="",R16,W15&"، "&R16)) -> لائحة مجلس الإدارة، لائحة لجنة المراجعة، لائحة لجنة الترشيحات والمكافآت، مصفوفة الصلاحيات الشاملة، سياسة تعارض المصالح، سياسة إدارة المخاطر | X16: =IF(S16="",X15,IF(X15="",S16,X15&"، "&S16)) -> مراجعة حالة المخرجات المتأخرة، الموافقة على رفع لوائح اللجان للمجلس | Y16: =IF(T16="",Y15,IF(Y15="",T16,Y15&"، "&T16)) -> تسريع اعتماد مصفوفة الصلاحيات الشاملة، جدولة جلسة اعتماد لائحة مجلس الإدارة
D17: الحلول القانونية | E17: =COUNTIF(tblDeliverables[المختص / الجهة المراجعة],"الحلول القانونية") -> 0 | Q17: =IFERROR(IF(INDEX(tblDeliverables[مؤشر الالتزام الزمني],15)="متأخر",INDEX(tblDeliverables[المخرج],15),""),"") | R17: =IFERROR(IF(AND(INDEX(tblDeliverables[الأولوية],15)="عالية",INDEX(tblDeliverables[الحالة الحالية],15)<>"معتمد ونافذ",INDEX(tblDeliverables[المخرج],15)<>""),INDEX(tblDeliverables[المخرج],15),""),"") -> سياسة الاستثمار والشركات التابعة | S17: =IFERROR(IF(INDEX(tblMeetings[الحالة],15)="مفتوح",INDEX(tblMeetings[أهم القرارات],15),""),"") | T17: =IFERROR(IF(AND(INDEX(tblMeetings[تاريخ الاستحقاق],15)<>"",INDEX(tblMeetings[تاريخ الاستحقاق],15)>=TODAY(),INDEX(tblMeetings[تاريخ الاستحقاق],15)<=TODAY()+14,INDEX(tblMeetings[الحالة],15)<>"مغلق"),INDEX(tblMeetings[الإجراءات المطلوبة],15),""),"") | V17: =IF(Q17="",V16,IF(V16="",Q17,V16&"، "&Q17)) -> مصفوفة الصلاحيات الشاملة | W17: =IF(R17="",W16,IF(W16="",R17,W16&"، "&R17)) -> لائحة مجلس الإدارة، لائحة لجنة المراجعة، لائحة لجنة الترشيحات والمكافآت، مصفوفة الصلاحيات الشاملة، سياسة تعارض المصالح، سياسة إدارة المخاطر، سياسة الاستثمار والشركات التابعة | X17: =IF(S17="",X16,IF(X16="",S17,X16&"، "&S17)) -> مراجعة حالة المخرجات المتأخرة، الموافقة على رفع لوائح اللجان للمجلس | Y17: =IF(T17="",Y16,IF(Y16="",T17,Y16&"، "&T17)) -> تسريع اعتماد مصفوفة الصلاحيات الشاملة، جدولة جلسة اعتماد لائحة مجلس الإدارة
D18: فريق الحوكمة | E18: =COUNTIF(tblDeliverables[المختص / الجهة المراجعة],"فريق الحوكمة") -> 1 | Q18: =IFERROR(IF(INDEX(tblDeliverables[مؤشر الالتزام الزمني],16)="متأخر",INDEX(tblDeliverables[المخرج],16),""),"") | R18: =IFERROR(IF(AND(INDEX(tblDeliverables[الأولوية],16)="عالية",INDEX(tblDeliverables[الحالة الحالية],16)<>"معتمد ونافذ",INDEX(tblDeliverables[المخرج],16)<>""),INDEX(tblDeliverables[المخرج],16),""),"") | S18: =IFERROR(IF(INDEX(tblMeetings[الحالة],16)="مفتوح",INDEX(tblMeetings[أهم القرارات],16),""),"") | T18: =IFERROR(IF(AND(INDEX(tblMeetings[تاريخ الاستحقاق],16)<>"",INDEX(tblMeetings[تاريخ الاستحقاق],16)>=TODAY(),INDEX(tblMeetings[تاريخ الاستحقاق],16)<=TODAY()+14,INDEX(tblMeetings[الحالة],16)<>"مغلق"),INDEX(tblMeetings[الإجراءات المطلوبة],16),""),"") | V18: =IF(Q18="",V17,IF(V17="",Q18,V17&"، "&Q18)) -> مصفوفة الصلاحيات الشاملة | W18: =IF(R18="",W17,IF(W17="",R18,W17&"، "&R18)) -> لائحة مجلس الإدارة، لائحة لجنة المراجعة، لائحة لجنة الترشيحات والمكافآت، مصفوفة الصلاحيات الشاملة، سياسة تعارض المصالح، سياسة إدارة المخاطر، سياسة الاستثمار والشركات التابعة | X18: =IF(S18="",X17,IF(X17="",S18,X17&"، "&S18)) -> مراجعة حالة المخرجات المتأخرة، الموافقة على رفع لوائح اللجان للمجلس | Y18: =IF(T18="",Y17,IF(Y17="",T18,Y17&"، "&T18)) -> تسريع اعتماد مصفوفة الصلاحيات الشاملة، جدولة جلسة اعتماد لائحة مجلس الإدارة
Q19: =IFERROR(IF(INDEX(tblDeliverables[مؤشر الالتزام الزمني],17)="متأخر",INDEX(tblDeliverables[المخرج],17),""),"") | R19: =IFERROR(IF(AND(INDEX(tblDeliverables[الأولوية],17)="عالية",INDEX(tblDeliverables[الحالة الحالية],17)<>"معتمد ونافذ",INDEX(tblDeliverables[المخرج],17)<>""),INDEX(tblDeliverables[المخرج],17),""),"") -> تطوير الاستراتيجية الشاملة للمجموعة | S19: =IFERROR(IF(INDEX(tblMeetings[الحالة],17)="مفتوح",INDEX(tblMeetings[أهم القرارات],17),""),"") | T19: =IFERROR(IF(AND(INDEX(tblMeetings[تاريخ الاستحقاق],17)<>"",INDEX(tblMeetings[تاريخ الاستحقاق],17)>=TODAY(),INDEX(tblMeetings[تاريخ الاستحقاق],17)<=TODAY()+14,INDEX(tblMeetings[الحالة],17)<>"مغلق"),INDEX(tblMeetings[الإجراءات المطلوبة],17),""),"") | V19: =IF(Q19="",V18,IF(V18="",Q19,V18&"، "&Q19)) -> مصفوفة الصلاحيات الشاملة | W19: =IF(R19="",W18,IF(W18="",R19,W18&"، "&R19)) -> لائحة مجلس الإدارة، لائحة لجنة المراجعة، لائحة لجنة الترشيحات والمكافآت، مصفوفة الصلاحيات الشاملة، سياسة تعارض المصالح، سياسة إدارة المخاطر، سياسة الاستثمار والشركات التابعة، تطوير الاستراتيجية الشاملة للمجموعة | X19: =IF(S19="",X18,IF(X18="",S19,X18&"، "&S19)) -> مراجعة حالة المخرجات المتأخرة، الموافقة على رفع لوائح اللجان للمجلس | Y19: =IF(T19="",Y18,IF(Y18="",T19,Y18&"، "&T19)) -> تسريع اعتماد مصفوفة الصلاحيات الشاملة، جدولة جلسة اعتماد لائحة مجلس الإدارة
Q20: =IFERROR(IF(INDEX(tblDeliverables[مؤشر الالتزام الزمني],18)="متأخر",INDEX(tblDeliverables[المخرج],18),""),"") | R20: =IFERROR(IF(AND(INDEX(tblDeliverables[الأولوية],18)="عالية",INDEX(tblDeliverables[الحالة الحالية],18)<>"معتمد ونافذ",INDEX(tblDeliverables[المخرج],18)<>""),INDEX(tblDeliverables[المخرج],18),""),"") | S20: =IFERROR(IF(INDEX(tblMeetings[الحالة],18)="مفتوح",INDEX(tblMeetings[أهم القرارات],18),""),"") | T20: =IFERROR(IF(AND(INDEX(tblMeetings[تاريخ الاستحقاق],18)<>"",INDEX(tblMeetings[تاريخ الاستحقاق],18)>=TODAY(),INDEX(tblMeetings[تاريخ الاستحقاق],18)<=TODAY()+14,INDEX(tblMeetings[الحالة],18)<>"مغلق"),INDEX(tblMeetings[الإجراءات المطلوبة],18),""),"") | V20: =IF(Q20="",V19,IF(V19="",Q20,V19&"، "&Q20)) -> مصفوفة الصلاحيات الشاملة | W20: =IF(R20="",W19,IF(W19="",R20,W19&"، "&R20)) -> لائحة مجلس الإدارة، لائحة لجنة المراجعة، لائحة لجنة الترشيحات والمكافآت، مصفوفة الصلاحيات الشاملة، سياسة تعارض المصالح، سياسة إدارة المخاطر، سياسة الاستثمار والشركات التابعة، تطوير الاستراتيجية الشاملة للمجموعة | X20: =IF(S20="",X19,IF(X19="",S20,X19&"، "&S20)) -> مراجعة حالة المخرجات المتأخرة، الموافقة على رفع لوائح اللجان للمجلس | Y20: =IF(T20="",Y19,IF(Y19="",T20,Y19&"، "&T20)) -> تسريع اعتماد مصفوفة الصلاحيات الشاملة، جدولة جلسة اعتماد لائحة مجلس الإدارة
Q21: =IFERROR(IF(INDEX(tblDeliverables[مؤشر الالتزام الزمني],19)="متأخر",INDEX(tblDeliverables[المخرج],19),""),"") | R21: =IFERROR(IF(AND(INDEX(tblDeliverables[الأولوية],19)="عالية",INDEX(tblDeliverables[الحالة الحالية],19)<>"معتمد ونافذ",INDEX(tblDeliverables[المخرج],19)<>""),INDEX(tblDeliverables[المخرج],19),""),"") | S21: =IFERROR(IF(INDEX(tblMeetings[الحالة],19)="مفتوح",INDEX(tblMeetings[أهم القرارات],19),""),"") | T21: =IFERROR(IF(AND(INDEX(tblMeetings[تاريخ الاستحقاق],19)<>"",INDEX(tblMeetings[تاريخ الاستحقاق],19)>=TODAY(),INDEX(tblMeetings[تاريخ الاستحقاق],19)<=TODAY()+14,INDEX(tblMeetings[الحالة],19)<>"مغلق"),INDEX(tblMeetings[الإجراءات المطلوبة],19),""),"") | V21: =IF(Q21="",V20,IF(V20="",Q21,V20&"، "&Q21)) -> مصفوفة الصلاحيات الشاملة | W21: =IF(R21="",W20,IF(W20="",R21,W20&"، "&R21)) -> لائحة مجلس الإدارة، لائحة لجنة المراجعة، لائحة لجنة الترشيحات والمكافآت، مصفوفة الصلاحيات الشاملة، سياسة تعارض المصالح، سياسة إدارة المخاطر، سياسة الاستثمار والشركات التابعة، تطوير الاستراتيجية الشاملة للمجموعة | X21: =IF(S21="",X20,IF(X20="",S21,X20&"، "&S21)) -> مراجعة حالة المخرجات المتأخرة، الموافقة على رفع لوائح اللجان للمجلس | Y21: =IF(T21="",Y20,IF(Y20="",T21,Y20&"، "&T21)) -> تسريع اعتماد مصفوفة الصلاحيات الشاملة، جدولة جلسة اعتماد لائحة مجلس الإدارة
Q22: =IFERROR(IF(INDEX(tblDeliverables[مؤشر الالتزام الزمني],20)="متأخر",INDEX(tblDeliverables[المخرج],20),""),"") | R22: =IFERROR(IF(AND(INDEX(tblDeliverables[الأولوية],20)="عالية",INDEX(tblDeliverables[الحالة الحالية],20)<>"معتمد ونافذ",INDEX(tblDeliverables[المخرج],20)<>""),INDEX(tblDeliverables[المخرج],20),""),"") | S22: =IFERROR(IF(INDEX(tblMeetings[الحالة],20)="مفتوح",INDEX(tblMeetings[أهم القرارات],20),""),"") | T22: =IFERROR(IF(AND(INDEX(tblMeetings[تاريخ الاستحقاق],20)<>"",INDEX(tblMeetings[تاريخ الاستحقاق],20)>=TODAY(),INDEX(tblMeetings[تاريخ الاستحقاق],20)<=TODAY()+14,INDEX(tblMeetings[الحالة],20)<>"مغلق"),INDEX(tblMeetings[الإجراءات المطلوبة],20),""),"") | V22: =IF(Q22="",V21,IF(V21="",Q22,V21&"، "&Q22)) -> مصفوفة الصلاحيات الشاملة | W22: =IF(R22="",W21,IF(W21="",R22,W21&"، "&R22)) -> لائحة مجلس الإدارة، لائحة لجنة المراجعة، لائحة لجنة الترشيحات والمكافآت، مصفوفة الصلاحيات الشاملة، سياسة تعارض المصالح، سياسة إدارة المخاطر، سياسة الاستثمار والشركات التابعة، تطوير الاستراتيجية الشاملة للمجموعة | X22: =IF(S22="",X21,IF(X21="",S22,X21&"، "&S22)) -> مراجعة حالة المخرجات المتأخرة، الموافقة على رفع لوائح اللجان للمجلس | Y22: =IF(T22="",Y21,IF(Y21="",T22,Y21&"، "&T22)) -> تسريع اعتماد مصفوفة الصلاحيات الشاملة، جدولة جلسة اعتماد لائحة مجلس الإدارة
Q23: =IFERROR(IF(INDEX(tblDeliverables[مؤشر الالتزام الزمني],21)="متأخر",INDEX(tblDeliverables[المخرج],21),""),"") | R23: =IFERROR(IF(AND(INDEX(tblDeliverables[الأولوية],21)="عالية",INDEX(tblDeliverables[الحالة الحالية],21)<>"معتمد ونافذ",INDEX(tblDeliverables[المخرج],21)<>""),INDEX(tblDeliverables[المخرج],21),""),"") | S23: =IFERROR(IF(INDEX(tblMeetings[الحالة],21)="مفتوح",INDEX(tblMeetings[أهم القرارات],21),""),"") | T23: =IFERROR(IF(AND(INDEX(tblMeetings[تاريخ الاستحقاق],21)<>"",INDEX(tblMeetings[تاريخ الاستحقاق],21)>=TODAY(),INDEX(tblMeetings[تاريخ الاستحقاق],21)<=TODAY()+14,INDEX(tblMeetings[الحالة],21)<>"مغلق"),INDEX(tblMeetings[الإجراءات المطلوبة],21),""),"") | V23: =IF(Q23="",V22,IF(V22="",Q23,V22&"، "&Q23)) -> مصفوفة الصلاحيات الشاملة | W23: =IF(R23="",W22,IF(W22="",R23,W22&"، "&R23)) -> لائحة مجلس الإدارة، لائحة لجنة المراجعة، لائحة لجنة الترشيحات والمكافآت، مصفوفة الصلاحيات الشاملة، سياسة تعارض المصالح، سياسة إدارة المخاطر، سياسة الاستثمار والشركات التابعة، تطوير الاستراتيجية الشاملة للمجموعة | X23: =IF(S23="",X22,IF(X22="",S23,X22&"، "&S23)) -> مراجعة حالة المخرجات المتأخرة، الموافقة على رفع لوائح اللجان للمجلس | Y23: =IF(T23="",Y22,IF(Y22="",T23,Y22&"، "&T23)) -> تسريع اعتماد مصفوفة الصلاحيات الشاملة، جدولة جلسة اعتماد لائحة مجلس الإدارة
Q24: =IFERROR(IF(INDEX(tblDeliverables[مؤشر الالتزام الزمني],22)="متأخر",INDEX(tblDeliverables[المخرج],22),""),"") | R24: =IFERROR(IF(AND(INDEX(tblDeliverables[الأولوية],22)="عالية",INDEX(tblDeliverables[الحالة الحالية],22)<>"معتمد ونافذ",INDEX(tblDeliverables[المخرج],22)<>""),INDEX(tblDeliverables[المخرج],22),""),"") -> مؤشرات الأداء الاستراتيجية | S24: =IFERROR(IF(INDEX(tblMeetings[الحالة],22)="مفتوح",INDEX(tblMeetings[أهم القرارات],22),""),"") | T24: =IFERROR(IF(AND(INDEX(tblMeetings[تاريخ الاستحقاق],22)<>"",INDEX(tblMeetings[تاريخ الاستحقاق],22)>=TODAY(),INDEX(tblMeetings[تاريخ الاستحقاق],22)<=TODAY()+14,INDEX(tblMeetings[الحالة],22)<>"مغلق"),INDEX(tblMeetings[الإجراءات المطلوبة],22),""),"") | V24: =IF(Q24="",V23,IF(V23="",Q24,V23&"، "&Q24)) -> مصفوفة الصلاحيات الشاملة | W24: =IF(R24="",W23,IF(W23="",R24,W23&"، "&R24)) -> لائحة مجلس الإدارة، لائحة لجنة المراجعة، لائحة لجنة الترشيحات والمكافآت، مصفوفة الصلاحيات الشاملة، سياسة تعارض المصالح، سياسة إدارة المخاطر، سياسة الاستثمار والشركات التابعة، تطوير الاستراتيجية الشاملة للمجموعة، مؤشرات الأداء الاستراتيجية | X24: =IF(S24="",X23,IF(X23="",S24,X23&"، "&S24)) -> مراجعة حالة المخرجات المتأخرة، الموافقة على رفع لوائح اللجان للمجلس | Y24: =IF(T24="",Y23,IF(Y23="",T24,Y23&"، "&T24)) -> تسريع اعتماد مصفوفة الصلاحيات الشاملة، جدولة جلسة اعتماد لائحة مجلس الإدارة
Q25: =IFERROR(IF(INDEX(tblDeliverables[مؤشر الالتزام الزمني],23)="متأخر",INDEX(tblDeliverables[المخرج],23),""),"") | R25: =IFERROR(IF(AND(INDEX(tblDeliverables[الأولوية],23)="عالية",INDEX(tblDeliverables[الحالة الحالية],23)<>"معتمد ونافذ",INDEX(tblDeliverables[المخرج],23)<>""),INDEX(tblDeliverables[المخرج],23),""),"") | S25: =IFERROR(IF(INDEX(tblMeetings[الحالة],23)="مفتوح",INDEX(tblMeetings[أهم القرارات],23),""),"") | T25: =IFERROR(IF(AND(INDEX(tblMeetings[تاريخ الاستحقاق],23)<>"",INDEX(tblMeetings[تاريخ الاستحقاق],23)>=TODAY(),INDEX(tblMeetings[تاريخ الاستحقاق],23)<=TODAY()+14,INDEX(tblMeetings[الحالة],23)<>"مغلق"),INDEX(tblMeetings[الإجراءات المطلوبة],23),""),"") | V25: =IF(Q25="",V24,IF(V24="",Q25,V24&"، "&Q25)) -> مصفوفة الصلاحيات الشاملة | W25: =IF(R25="",W24,IF(W24="",R25,W24&"، "&R25)) -> لائحة مجلس الإدارة، لائحة لجنة المراجعة، لائحة لجنة الترشيحات والمكافآت، مصفوفة الصلاحيات الشاملة، سياسة تعارض المصالح، سياسة إدارة المخاطر، سياسة الاستثمار والشركات التابعة، تطوير الاستراتيجية الشاملة للمجموعة، مؤشرات الأداء الاستراتيجية | X25: =IF(S25="",X24,IF(X24="",S25,X24&"، "&S25)) -> مراجعة حالة المخرجات المتأخرة، الموافقة على رفع لوائح اللجان للمجلس | Y25: =IF(T25="",Y24,IF(Y24="",T25,Y24&"، "&T25)) -> تسريع اعتماد مصفوفة الصلاحيات الشاملة، جدولة جلسة اعتماد لائحة مجلس الإدارة
Q26: =IFERROR(IF(INDEX(tblDeliverables[مؤشر الالتزام الزمني],24)="متأخر",INDEX(tblDeliverables[المخرج],24),""),"") | R26: =IFERROR(IF(AND(INDEX(tblDeliverables[الأولوية],24)="عالية",INDEX(tblDeliverables[الحالة الحالية],24)<>"معتمد ونافذ",INDEX(tblDeliverables[المخرج],24)<>""),INDEX(tblDeliverables[المخرج],24),""),"") | S26: =IFERROR(IF(INDEX(tblMeetings[الحالة],24)="مفتوح",INDEX(tblMeetings[أهم القرارات],24),""),"") | T26: =IFERROR(IF(AND(INDEX(tblMeetings[تاريخ الاستحقاق],24)<>"",INDEX(tblMeetings[تاريخ الاستحقاق],24)>=TODAY(),INDEX(tblMeetings[تاريخ الاستحقاق],24)<=TODAY()+14,INDEX(tblMeetings[الحالة],24)<>"مغلق"),INDEX(tblMeetings[الإجراءات المطلوبة],24),""),"") | V26: =IF(Q26="",V25,IF(V25="",Q26,V25&"، "&Q26)) -> مصفوفة الصلاحيات الشاملة | W26: =IF(R26="",W25,IF(W25="",R26,W25&"، "&R26)) -> لائحة مجلس الإدارة، لائحة لجنة المراجعة، لائحة لجنة الترشيحات والمكافآت، مصفوفة الصلاحيات الشاملة، سياسة تعارض المصالح، سياسة إدارة المخاطر، سياسة الاستثمار والشركات التابعة، تطوير الاستراتيجية الشاملة للمجموعة، مؤشرات الأداء الاستراتيجية | X26: =IF(S26="",X25,IF(X25="",S26,X25&"، "&S26)) -> مراجعة حالة المخرجات المتأخرة، الموافقة على رفع لوائح اللجان للمجلس | Y26: =IF(T26="",Y25,IF(Y25="",T26,Y25&"، "&T26)) -> تسريع اعتماد مصفوفة الصلاحيات الشاملة، جدولة جلسة اعتماد لائحة مجلس الإدارة
Q27: =IFERROR(IF(INDEX(tblDeliverables[مؤشر الالتزام الزمني],25)="متأخر",INDEX(tblDeliverables[المخرج],25),""),"") | R27: =IFERROR(IF(AND(INDEX(tblDeliverables[الأولوية],25)="عالية",INDEX(tblDeliverables[الحالة الحالية],25)<>"معتمد ونافذ",INDEX(tblDeliverables[المخرج],25)<>""),INDEX(tblDeliverables[المخرج],25),""),"") | S27: =IFERROR(IF(INDEX(tblMeetings[الحالة],25)="مفتوح",INDEX(tblMeetings[أهم القرارات],25),""),"") | T27: =IFERROR(IF(AND(INDEX(tblMeetings[تاريخ الاستحقاق],25)<>"",INDEX(tblMeetings[تاريخ الاستحقاق],25)>=TODAY(),INDEX(tblMeetings[تاريخ الاستحقاق],25)<=TODAY()+14,INDEX(tblMeetings[الحالة],25)<>"مغلق"),INDEX(tblMeetings[الإجراءات المطلوبة],25),""),"") | V27: =IF(Q27="",V26,IF(V26="",Q27,V26&"، "&Q27)) -> مصفوفة الصلاحيات الشاملة | W27: =IF(R27="",W26,IF(W26="",R27,W26&"، "&R27)) -> لائحة مجلس الإدارة، لائحة لجنة المراجعة، لائحة لجنة الترشيحات والمكافآت، مصفوفة الصلاحيات الشاملة، سياسة تعارض المصالح، سياسة إدارة المخاطر، سياسة الاستثمار والشركات التابعة، تطوير الاستراتيجية الشاملة للمجموعة، مؤشرات الأداء الاستراتيجية | X27: =IF(S27="",X26,IF(X26="",S27,X26&"، "&S27)) -> مراجعة حالة المخرجات المتأخرة، الموافقة على رفع لوائح اللجان للمجلس | Y27: =IF(T27="",Y26,IF(Y26="",T27,Y26&"، "&T27)) -> تسريع اعتماد مصفوفة الصلاحيات الشاملة، جدولة جلسة اعتماد لائحة مجلس الإدارة
Q28: =IFERROR(IF(INDEX(tblDeliverables[مؤشر الالتزام الزمني],26)="متأخر",INDEX(tblDeliverables[المخرج],26),""),"") | R28: =IFERROR(IF(AND(INDEX(tblDeliverables[الأولوية],26)="عالية",INDEX(tblDeliverables[الحالة الحالية],26)<>"معتمد ونافذ",INDEX(tblDeliverables[المخرج],26)<>""),INDEX(tblDeliverables[المخرج],26),""),"") | S28: =IFERROR(IF(INDEX(tblMeetings[الحالة],26)="مفتوح",INDEX(tblMeetings[أهم القرارات],26),""),"") | T28: =IFERROR(IF(AND(INDEX(tblMeetings[تاريخ الاستحقاق],26)<>"",INDEX(tblMeetings[تاريخ الاستحقاق],26)>=TODAY(),INDEX(tblMeetings[تاريخ الاستحقاق],26)<=TODAY()+14,INDEX(tblMeetings[الحالة],26)<>"مغلق"),INDEX(tblMeetings[الإجراءات المطلوبة],26),""),"") | V28: =IF(Q28="",V27,IF(V27="",Q28,V27&"، "&Q28)) -> مصفوفة الصلاحيات الشاملة | W28: =IF(R28="",W27,IF(W27="",R28,W27&"، "&R28)) -> لائحة مجلس الإدارة، لائحة لجنة المراجعة، لائحة لجنة الترشيحات والمكافآت، مصفوفة الصلاحيات الشاملة، سياسة تعارض المصالح، سياسة إدارة المخاطر، سياسة الاستثمار والشركات التابعة، تطوير الاستراتيجية الشاملة للمجموعة، مؤشرات الأداء الاستراتيجية | X28: =IF(S28="",X27,IF(X27="",S28,X27&"، "&S28)) -> مراجعة حالة المخرجات المتأخرة، الموافقة على رفع لوائح اللجان للمجلس | Y28: =IF(T28="",Y27,IF(Y27="",T28,Y27&"، "&T28)) -> تسريع اعتماد مصفوفة الصلاحيات الشاملة، جدولة جلسة اعتماد لائحة مجلس الإدارة
Q29: =IFERROR(IF(INDEX(tblDeliverables[مؤشر الالتزام الزمني],27)="متأخر",INDEX(tblDeliverables[المخرج],27),""),"") | R29: =IFERROR(IF(AND(INDEX(tblDeliverables[الأولوية],27)="عالية",INDEX(tblDeliverables[الحالة الحالية],27)<>"معتمد ونافذ",INDEX(tblDeliverables[المخرج],27)<>""),INDEX(tblDeliverables[المخرج],27),""),"") | S29: =IFERROR(IF(INDEX(tblMeetings[الحالة],27)="مفتوح",INDEX(tblMeetings[أهم القرارات],27),""),"") | T29: =IFERROR(IF(AND(INDEX(tblMeetings[تاريخ الاستحقاق],27)<>"",INDEX(tblMeetings[تاريخ الاستحقاق],27)>=TODAY(),INDEX(tblMeetings[تاريخ الاستحقاق],27)<=TODAY()+14,INDEX(tblMeetings[الحالة],27)<>"مغلق"),INDEX(tblMeetings[الإجراءات المطلوبة],27),""),"") | V29: =IF(Q29="",V28,IF(V28="",Q29,V28&"، "&Q29)) -> مصفوفة الصلاحيات الشاملة | W29: =IF(R29="",W28,IF(W28="",R29,W28&"، "&R29)) -> لائحة مجلس الإدارة، لائحة لجنة المراجعة، لائحة لجنة الترشيحات والمكافآت، مصفوفة الصلاحيات الشاملة، سياسة تعارض المصالح، سياسة إدارة المخاطر، سياسة الاستثمار والشركات التابعة، تطوير الاستراتيجية الشاملة للمجموعة، مؤشرات الأداء الاستراتيجية | X29: =IF(S29="",X28,IF(X28="",S29,X28&"، "&S29)) -> مراجعة حالة المخرجات المتأخرة، الموافقة على رفع لوائح اللجان للمجلس | Y29: =IF(T29="",Y28,IF(Y28="",T29,Y28&"، "&T29)) -> تسريع اعتماد مصفوفة الصلاحيات الشاملة، جدولة جلسة اعتماد لائحة مجلس الإدارة
Q30: =IFERROR(IF(INDEX(tblDeliverables[مؤشر الالتزام الزمني],28)="متأخر",INDEX(tblDeliverables[المخرج],28),""),"") | R30: =IFERROR(IF(AND(INDEX(tblDeliverables[الأولوية],28)="عالية",INDEX(tblDeliverables[الحالة الحالية],28)<>"معتمد ونافذ",INDEX(tblDeliverables[المخرج],28)<>""),INDEX(tblDeliverables[المخرج],28),""),"") | S30: =IFERROR(IF(INDEX(tblMeetings[الحالة],28)="مفتوح",INDEX(tblMeetings[أهم القرارات],28),""),"") | T30: =IFERROR(IF(AND(INDEX(tblMeetings[تاريخ الاستحقاق],28)<>"",INDEX(tblMeetings[تاريخ الاستحقاق],28)>=TODAY(),INDEX(tblMeetings[تاريخ الاستحقاق],28)<=TODAY()+14,INDEX(tblMeetings[الحالة],28)<>"مغلق"),INDEX(tblMeetings[الإجراءات المطلوبة],28),""),"") | V30: =IF(Q30="",V29,IF(V29="",Q30,V29&"، "&Q30)) -> مصفوفة الصلاحيات الشاملة | W30: =IF(R30="",W29,IF(W29="",R30,W29&"، "&R30)) -> لائحة مجلس الإدارة، لائحة لجنة المراجعة، لائحة لجنة الترشيحات والمكافآت، مصفوفة الصلاحيات الشاملة، سياسة تعارض المصالح، سياسة إدارة المخاطر، سياسة الاستثمار والشركات التابعة، تطوير الاستراتيجية الشاملة للمجموعة، مؤشرات الأداء الاستراتيجية | X30: =IF(S30="",X29,IF(X29="",S30,X29&"، "&S30)) -> مراجعة حالة المخرجات المتأخرة، الموافقة على رفع لوائح اللجان للمجلس | Y30: =IF(T30="",Y29,IF(Y29="",T30,Y29&"، "&T30)) -> تسريع اعتماد مصفوفة الصلاحيات الشاملة، جدولة جلسة اعتماد لائحة مجلس الإدارة
Q31: =IFERROR(IF(INDEX(tblDeliverables[مؤشر الالتزام الزمني],29)="متأخر",INDEX(tblDeliverables[المخرج],29),""),"") | R31: =IFERROR(IF(AND(INDEX(tblDeliverables[الأولوية],29)="عالية",INDEX(tblDeliverables[الحالة الحالية],29)<>"معتمد ونافذ",INDEX(tblDeliverables[المخرج],29)<>""),INDEX(tblDeliverables[المخرج],29),""),"") | S31: =IFERROR(IF(INDEX(tblMeetings[الحالة],29)="مفتوح",INDEX(tblMeetings[أهم القرارات],29),""),"") | T31: =IFERROR(IF(AND(INDEX(tblMeetings[تاريخ الاستحقاق],29)<>"",INDEX(tblMeetings[تاريخ الاستحقاق],29)>=TODAY(),INDEX(tblMeetings[تاريخ الاستحقاق],29)<=TODAY()+14,INDEX(tblMeetings[الحالة],29)<>"مغلق"),INDEX(tblMeetings[الإجراءات المطلوبة],29),""),"") | V31: =IF(Q31="",V30,IF(V30="",Q31,V30&"، "&Q31)) -> مصفوفة الصلاحيات الشاملة | W31: =IF(R31="",W30,IF(W30="",R31,W30&"، "&R31)) -> لائحة مجلس الإدارة، لائحة لجنة المراجعة، لائحة لجنة الترشيحات والمكافآت، مصفوفة الصلاحيات الشاملة، سياسة تعارض المصالح، سياسة إدارة المخاطر، سياسة الاستثمار والشركات التابعة، تطوير الاستراتيجية الشاملة للمجموعة، مؤشرات الأداء الاستراتيجية | X31: =IF(S31="",X30,IF(X30="",S31,X30&"، "&S31)) -> مراجعة حالة المخرجات المتأخرة، الموافقة على رفع لوائح اللجان للمجلس | Y31: =IF(T31="",Y30,IF(Y30="",T31,Y30&"، "&T31)) -> تسريع اعتماد مصفوفة الصلاحيات الشاملة، جدولة جلسة اعتماد لائحة مجلس الإدارة
Q32: =IFERROR(IF(INDEX(tblDeliverables[مؤشر الالتزام الزمني],30)="متأخر",INDEX(tblDeliverables[المخرج],30),""),"") | R32: =IFERROR(IF(AND(INDEX(tblDeliverables[الأولوية],30)="عالية",INDEX(tblDeliverables[الحالة الحالية],30)<>"معتمد ونافذ",INDEX(tblDeliverables[المخرج],30)<>""),INDEX(tblDeliverables[المخرج],30),""),"") | S32: =IFERROR(IF(INDEX(tblMeetings[الحالة],30)="مفتوح",INDEX(tblMeetings[أهم القرارات],30),""),"") | T32: =IFERROR(IF(AND(INDEX(tblMeetings[تاريخ الاستحقاق],30)<>"",INDEX(tblMeetings[تاريخ الاستحقاق],30)>=TODAY(),INDEX(tblMeetings[تاريخ الاستحقاق],30)<=TODAY()+14,INDEX(tblMeetings[الحالة],30)<>"مغلق"),INDEX(tblMeetings[الإجراءات المطلوبة],30),""),"") | V32: =IF(Q32="",V31,IF(V31="",Q32,V31&"، "&Q32)) -> مصفوفة الصلاحيات الشاملة | W32: =IF(R32="",W31,IF(W31="",R32,W31&"، "&R32)) -> لائحة مجلس الإدارة، لائحة لجنة المراجعة، لائحة لجنة الترشيحات والمكافآت، مصفوفة الصلاحيات الشاملة، سياسة تعارض المصالح، سياسة إدارة المخاطر، سياسة الاستثمار والشركات التابعة، تطوير الاستراتيجية الشاملة للمجموعة، مؤشرات الأداء الاستراتيجية | X32: =IF(S32="",X31,IF(X31="",S32,X31&"، "&S32)) -> مراجعة حالة المخرجات المتأخرة، الموافقة على رفع لوائح اللجان للمجلس | Y32: =IF(T32="",Y31,IF(Y31="",T32,Y31&"، "&T32)) -> تسريع اعتماد مصفوفة الصلاحيات الشاملة، جدولة جلسة اعتماد لائحة مجلس الإدارة
Q33: =IFERROR(IF(INDEX(tblDeliverables[مؤشر الالتزام الزمني],31)="متأخر",INDEX(tblDeliverables[المخرج],31),""),"") | R33: =IFERROR(IF(AND(INDEX(tblDeliverables[الأولوية],31)="عالية",INDEX(tblDeliverables[الحالة الحالية],31)<>"معتمد ونافذ",INDEX(tblDeliverables[المخرج],31)<>""),INDEX(tblDeliverables[المخرج],31),""),"") | S33: =IFERROR(IF(INDEX(tblMeetings[الحالة],31)="مفتوح",INDEX(tblMeetings[أهم القرارات],31),""),"") | T33: =IFERROR(IF(AND(INDEX(tblMeetings[تاريخ الاستحقاق],31)<>"",INDEX(tblMeetings[تاريخ الاستحقاق],31)>=TODAY(),INDEX(tblMeetings[تاريخ الاستحقاق],31)<=TODAY()+14,INDEX(tblMeetings[الحالة],31)<>"مغلق"),INDEX(tblMeetings[الإجراءات المطلوبة],31),""),"") | V33: =IF(Q33="",V32,IF(V32="",Q33,V32&"، "&Q33)) -> مصفوفة الصلاحيات الشاملة | W33: =IF(R33="",W32,IF(W32="",R33,W32&"، "&R33)) -> لائحة مجلس الإدارة، لائحة لجنة المراجعة، لائحة لجنة الترشيحات والمكافآت، مصفوفة الصلاحيات الشاملة، سياسة تعارض المصالح، سياسة إدارة المخاطر، سياسة الاستثمار والشركات التابعة، تطوير الاستراتيجية الشاملة للمجموعة، مؤشرات الأداء الاستراتيجية | X33: =IF(S33="",X32,IF(X32="",S33,X32&"، "&S33)) -> مراجعة حالة المخرجات المتأخرة، الموافقة على رفع لوائح اللجان للمجلس | Y33: =IF(T33="",Y32,IF(Y32="",T33,Y32&"، "&T33)) -> تسريع اعتماد مصفوفة الصلاحيات الشاملة، جدولة جلسة اعتماد لائحة مجلس الإدارة
Q34: =IFERROR(IF(INDEX(tblDeliverables[مؤشر الالتزام الزمني],32)="متأخر",INDEX(tblDeliverables[المخرج],32),""),"") | R34: =IFERROR(IF(AND(INDEX(tblDeliverables[الأولوية],32)="عالية",INDEX(tblDeliverables[الحالة الحالية],32)<>"معتمد ونافذ",INDEX(tblDeliverables[المخرج],32)<>""),INDEX(tblDeliverables[المخرج],32),""),"") | S34: =IFERROR(IF(INDEX(tblMeetings[الحالة],32)="مفتوح",INDEX(tblMeetings[أهم القرارات],32),""),"") | T34: =IFERROR(IF(AND(INDEX(tblMeetings[تاريخ الاستحقاق],32)<>"",INDEX(tblMeetings[تاريخ الاستحقاق],32)>=TODAY(),INDEX(tblMeetings[تاريخ الاستحقاق],32)<=TODAY()+14,INDEX(tblMeetings[الحالة],32)<>"مغلق"),INDEX(tblMeetings[الإجراءات المطلوبة],32),""),"") | V34: =IF(Q34="",V33,IF(V33="",Q34,V33&"، "&Q34)) -> مصفوفة الصلاحيات الشاملة | W34: =IF(R34="",W33,IF(W33="",R34,W33&"، "&R34)) -> لائحة مجلس الإدارة، لائحة لجنة المراجعة، لائحة لجنة الترشيحات والمكافآت، مصفوفة الصلاحيات الشاملة، سياسة تعارض المصالح، سياسة إدارة المخاطر، سياسة الاستثمار والشركات التابعة، تطوير الاستراتيجية الشاملة للمجموعة، مؤشرات الأداء الاستراتيجية | X34: =IF(S34="",X33,IF(X33="",S34,X33&"، "&S34)) -> مراجعة حالة المخرجات المتأخرة، الموافقة على رفع لوائح اللجان للمجلس | Y34: =IF(T34="",Y33,IF(Y33="",T34,Y33&"، "&T34)) -> تسريع اعتماد مصفوفة الصلاحيات الشاملة، جدولة جلسة اعتماد لائحة مجلس الإدارة
Q35: =IFERROR(IF(INDEX(tblDeliverables[مؤشر الالتزام الزمني],33)="متأخر",INDEX(tblDeliverables[المخرج],33),""),"") | R35: =IFERROR(IF(AND(INDEX(tblDeliverables[الأولوية],33)="عالية",INDEX(tblDeliverables[الحالة الحالية],33)<>"معتمد ونافذ",INDEX(tblDeliverables[المخرج],33)<>""),INDEX(tblDeliverables[المخرج],33),""),"") | S35: =IFERROR(IF(INDEX(tblMeetings[الحالة],33)="مفتوح",INDEX(tblMeetings[أهم القرارات],33),""),"") | T35: =IFERROR(IF(AND(INDEX(tblMeetings[تاريخ الاستحقاق],33)<>"",INDEX(tblMeetings[تاريخ الاستحقاق],33)>=TODAY(),INDEX(tblMeetings[تاريخ الاستحقاق],33)<=TODAY()+14,INDEX(tblMeetings[الحالة],33)<>"مغلق"),INDEX(tblMeetings[الإجراءات المطلوبة],33),""),"") | V35: =IF(Q35="",V34,IF(V34="",Q35,V34&"، "&Q35)) -> مصفوفة الصلاحيات الشاملة | W35: =IF(R35="",W34,IF(W34="",R35,W34&"، "&R35)) -> لائحة مجلس الإدارة، لائحة لجنة المراجعة، لائحة لجنة الترشيحات والمكافآت، مصفوفة الصلاحيات الشاملة، سياسة تعارض المصالح، سياسة إدارة المخاطر، سياسة الاستثمار والشركات التابعة، تطوير الاستراتيجية الشاملة للمجموعة، مؤشرات الأداء الاستراتيجية | X35: =IF(S35="",X34,IF(X34="",S35,X34&"، "&S35)) -> مراجعة حالة المخرجات المتأخرة، الموافقة على رفع لوائح اللجان للمجلس | Y35: =IF(T35="",Y34,IF(Y34="",T35,Y34&"، "&T35)) -> تسريع اعتماد مصفوفة الصلاحيات الشاملة، جدولة جلسة اعتماد لائحة مجلس الإدارة
Q36: =IFERROR(IF(INDEX(tblDeliverables[مؤشر الالتزام الزمني],34)="متأخر",INDEX(tblDeliverables[المخرج],34),""),"") | R36: =IFERROR(IF(AND(INDEX(tblDeliverables[الأولوية],34)="عالية",INDEX(tblDeliverables[الحالة الحالية],34)<>"معتمد ونافذ",INDEX(tblDeliverables[المخرج],34)<>""),INDEX(tblDeliverables[المخرج],34),""),"") | S36: =IFERROR(IF(INDEX(tblMeetings[الحالة],34)="مفتوح",INDEX(tblMeetings[أهم القرارات],34),""),"") | T36: =IFERROR(IF(AND(INDEX(tblMeetings[تاريخ الاستحقاق],34)<>"",INDEX(tblMeetings[تاريخ الاستحقاق],34)>=TODAY(),INDEX(tblMeetings[تاريخ الاستحقاق],34)<=TODAY()+14,INDEX(tblMeetings[الحالة],34)<>"مغلق"),INDEX(tblMeetings[الإجراءات المطلوبة],34),""),"") | V36: =IF(Q36="",V35,IF(V35="",Q36,V35&"، "&Q36)) -> مصفوفة الصلاحيات الشاملة | W36: =IF(R36="",W35,IF(W35="",R36,W35&"، "&R36)) -> لائحة مجلس الإدارة، لائحة لجنة المراجعة، لائحة لجنة الترشيحات والمكافآت، مصفوفة الصلاحيات الشاملة، سياسة تعارض المصالح، سياسة إدارة المخاطر، سياسة الاستثمار والشركات التابعة، تطوير الاستراتيجية الشاملة للمجموعة، مؤشرات الأداء الاستراتيجية | X36: =IF(S36="",X35,IF(X35="",S36,X35&"، "&S36)) -> مراجعة حالة المخرجات المتأخرة، الموافقة على رفع لوائح اللجان للمجلس | Y36: =IF(T36="",Y35,IF(Y35="",T36,Y35&"، "&T36)) -> تسريع اعتماد مصفوفة الصلاحيات الشاملة، جدولة جلسة اعتماد لائحة مجلس الإدارة
Q37: =IFERROR(IF(INDEX(tblDeliverables[مؤشر الالتزام الزمني],35)="متأخر",INDEX(tblDeliverables[المخرج],35),""),"") | R37: =IFERROR(IF(AND(INDEX(tblDeliverables[الأولوية],35)="عالية",INDEX(tblDeliverables[الحالة الحالية],35)<>"معتمد ونافذ",INDEX(tblDeliverables[المخرج],35)<>""),INDEX(tblDeliverables[المخرج],35),""),"") | S37: =IFERROR(IF(INDEX(tblMeetings[الحالة],35)="مفتوح",INDEX(tblMeetings[أهم القرارات],35),""),"") | T37: =IFERROR(IF(AND(INDEX(tblMeetings[تاريخ الاستحقاق],35)<>"",INDEX(tblMeetings[تاريخ الاستحقاق],35)>=TODAY(),INDEX(tblMeetings[تاريخ الاستحقاق],35)<=TODAY()+14,INDEX(tblMeetings[الحالة],35)<>"مغلق"),INDEX(tblMeetings[الإجراءات المطلوبة],35),""),"") | V37: =IF(Q37="",V36,IF(V36="",Q37,V36&"، "&Q37)) -> مصفوفة الصلاحيات الشاملة | W37: =IF(R37="",W36,IF(W36="",R37,W36&"، "&R37)) -> لائحة مجلس الإدارة، لائحة لجنة المراجعة، لائحة لجنة الترشيحات والمكافآت، مصفوفة الصلاحيات الشاملة، سياسة تعارض المصالح، سياسة إدارة المخاطر، سياسة الاستثمار والشركات التابعة، تطوير الاستراتيجية الشاملة للمجموعة، مؤشرات الأداء الاستراتيجية | X37: =IF(S37="",X36,IF(X36="",S37,X36&"، "&S37)) -> مراجعة حالة المخرجات المتأخرة، الموافقة على رفع لوائح اللجان للمجلس | Y37: =IF(T37="",Y36,IF(Y36="",T37,Y36&"، "&T37)) -> تسريع اعتماد مصفوفة الصلاحيات الشاملة، جدولة جلسة اعتماد لائحة مجلس الإدارة
Q38: =IFERROR(IF(INDEX(tblDeliverables[مؤشر الالتزام الزمني],36)="متأخر",INDEX(tblDeliverables[المخرج],36),""),"") | R38: =IFERROR(IF(AND(INDEX(tblDeliverables[الأولوية],36)="عالية",INDEX(tblDeliverables[الحالة الحالية],36)<>"معتمد ونافذ",INDEX(tblDeliverables[المخرج],36)<>""),INDEX(tblDeliverables[المخرج],36),""),"") | S38: =IFERROR(IF(INDEX(tblMeetings[الحالة],36)="مفتوح",INDEX(tblMeetings[أهم القرارات],36),""),"") | T38: =IFERROR(IF(AND(INDEX(tblMeetings[تاريخ الاستحقاق],36)<>"",INDEX(tblMeetings[تاريخ الاستحقاق],36)>=TODAY(),INDEX(tblMeetings[تاريخ الاستحقاق],36)<=TODAY()+14,INDEX(tblMeetings[الحالة],36)<>"مغلق"),INDEX(tblMeetings[الإجراءات المطلوبة],36),""),"") | V38: =IF(Q38="",V37,IF(V37="",Q38,V37&"، "&Q38)) -> مصفوفة الصلاحيات الشاملة | W38: =IF(R38="",W37,IF(W37="",R38,W37&"، "&R38)) -> لائحة مجلس الإدارة، لائحة لجنة المراجعة، لائحة لجنة الترشيحات والمكافآت، مصفوفة الصلاحيات الشاملة، سياسة تعارض المصالح، سياسة إدارة المخاطر، سياسة الاستثمار والشركات التابعة، تطوير الاستراتيجية الشاملة للمجموعة، مؤشرات الأداء الاستراتيجية | X38: =IF(S38="",X37,IF(X37="",S38,X37&"، "&S38)) -> مراجعة حالة المخرجات المتأخرة، الموافقة على رفع لوائح اللجان للمجلس | Y38: =IF(T38="",Y37,IF(Y37="",T38,Y37&"، "&T38)) -> تسريع اعتماد مصفوفة الصلاحيات الشاملة، جدولة جلسة اعتماد لائحة مجلس الإدارة
Q39: =IFERROR(IF(INDEX(tblDeliverables[مؤشر الالتزام الزمني],37)="متأخر",INDEX(tblDeliverables[المخرج],37),""),"") | R39: =IFERROR(IF(AND(INDEX(tblDeliverables[الأولوية],37)="عالية",INDEX(tblDeliverables[الحالة الحالية],37)<>"معتمد ونافذ",INDEX(tblDeliverables[المخرج],37)<>""),INDEX(tblDeliverables[المخرج],37),""),"") | S39: =IFERROR(IF(INDEX(tblMeetings[الحالة],37)="مفتوح",INDEX(tblMeetings[أهم القرارات],37),""),"") | T39: =IFERROR(IF(AND(INDEX(tblMeetings[تاريخ الاستحقاق],37)<>"",INDEX(tblMeetings[تاريخ الاستحقاق],37)>=TODAY(),INDEX(tblMeetings[تاريخ الاستحقاق],37)<=TODAY()+14,INDEX(tblMeetings[الحالة],37)<>"مغلق"),INDEX(tblMeetings[الإجراءات المطلوبة],37),""),"") | V39: =IF(Q39="",V38,IF(V38="",Q39,V38&"، "&Q39)) -> مصفوفة الصلاحيات الشاملة | W39: =IF(R39="",W38,IF(W38="",R39,W38&"، "&R39)) -> لائحة مجلس الإدارة، لائحة لجنة المراجعة، لائحة لجنة الترشيحات والمكافآت، مصفوفة الصلاحيات الشاملة، سياسة تعارض المصالح، سياسة إدارة المخاطر، سياسة الاستثمار والشركات التابعة، تطوير الاستراتيجية الشاملة للمجموعة، مؤشرات الأداء الاستراتيجية | X39: =IF(S39="",X38,IF(X38="",S39,X38&"، "&S39)) -> مراجعة حالة المخرجات المتأخرة، الموافقة على رفع لوائح اللجان للمجلس | Y39: =IF(T39="",Y38,IF(Y38="",T39,Y38&"، "&T39)) -> تسريع اعتماد مصفوفة الصلاحيات الشاملة، جدولة جلسة اعتماد لائحة مجلس الإدارة
Q40: =IFERROR(IF(INDEX(tblDeliverables[مؤشر الالتزام الزمني],38)="متأخر",INDEX(tblDeliverables[المخرج],38),""),"") | R40: =IFERROR(IF(AND(INDEX(tblDeliverables[الأولوية],38)="عالية",INDEX(tblDeliverables[الحالة الحالية],38)<>"معتمد ونافذ",INDEX(tblDeliverables[المخرج],38)<>""),INDEX(tblDeliverables[المخرج],38),""),"") | S40: =IFERROR(IF(INDEX(tblMeetings[الحالة],38)="مفتوح",INDEX(tblMeetings[أهم القرارات],38),""),"") | T40: =IFERROR(IF(AND(INDEX(tblMeetings[تاريخ الاستحقاق],38)<>"",INDEX(tblMeetings[تاريخ الاستحقاق],38)>=TODAY(),INDEX(tblMeetings[تاريخ الاستحقاق],38)<=TODAY()+14,INDEX(tblMeetings[الحالة],38)<>"مغلق"),INDEX(tblMeetings[الإجراءات المطلوبة],38),""),"") | V40: =IF(Q40="",V39,IF(V39="",Q40,V39&"، "&Q40)) -> مصفوفة الصلاحيات الشاملة | W40: =IF(R40="",W39,IF(W39="",R40,W39&"، "&R40)) -> لائحة مجلس الإدارة، لائحة لجنة المراجعة، لائحة لجنة الترشيحات والمكافآت، مصفوفة الصلاحيات الشاملة، سياسة تعارض المصالح، سياسة إدارة المخاطر، سياسة الاستثمار والشركات التابعة، تطوير الاستراتيجية الشاملة للمجموعة، مؤشرات الأداء الاستراتيجية | X40: =IF(S40="",X39,IF(X39="",S40,X39&"، "&S40)) -> مراجعة حالة المخرجات المتأخرة، الموافقة على رفع لوائح اللجان للمجلس | Y40: =IF(T40="",Y39,IF(Y39="",T40,Y39&"، "&T40)) -> تسريع اعتماد مصفوفة الصلاحيات الشاملة، جدولة جلسة اعتماد لائحة مجلس الإدارة
Q41: =IFERROR(IF(INDEX(tblDeliverables[مؤشر الالتزام الزمني],39)="متأخر",INDEX(tblDeliverables[المخرج],39),""),"") | R41: =IFERROR(IF(AND(INDEX(tblDeliverables[الأولوية],39)="عالية",INDEX(tblDeliverables[الحالة الحالية],39)<>"معتمد ونافذ",INDEX(tblDeliverables[المخرج],39)<>""),INDEX(tblDeliverables[المخرج],39),""),"") | S41: =IFERROR(IF(INDEX(tblMeetings[الحالة],39)="مفتوح",INDEX(tblMeetings[أهم القرارات],39),""),"") | T41: =IFERROR(IF(AND(INDEX(tblMeetings[تاريخ الاستحقاق],39)<>"",INDEX(tblMeetings[تاريخ الاستحقاق],39)>=TODAY(),INDEX(tblMeetings[تاريخ الاستحقاق],39)<=TODAY()+14,INDEX(tblMeetings[الحالة],39)<>"مغلق"),INDEX(tblMeetings[الإجراءات المطلوبة],39),""),"") | V41: =IF(Q41="",V40,IF(V40="",Q41,V40&"، "&Q41)) -> مصفوفة الصلاحيات الشاملة | W41: =IF(R41="",W40,IF(W40="",R41,W40&"، "&R41)) -> لائحة مجلس الإدارة، لائحة لجنة المراجعة، لائحة لجنة الترشيحات والمكافآت، مصفوفة الصلاحيات الشاملة، سياسة تعارض المصالح، سياسة إدارة المخاطر، سياسة الاستثمار والشركات التابعة، تطوير الاستراتيجية الشاملة للمجموعة، مؤشرات الأداء الاستراتيجية | X41: =IF(S41="",X40,IF(X40="",S41,X40&"، "&S41)) -> مراجعة حالة المخرجات المتأخرة، الموافقة على رفع لوائح اللجان للمجلس | Y41: =IF(T41="",Y40,IF(Y40="",T41,Y40&"، "&T41)) -> تسريع اعتماد مصفوفة الصلاحيات الشاملة، جدولة جلسة اعتماد لائحة مجلس الإدارة
Q42: =IFERROR(IF(INDEX(tblDeliverables[مؤشر الالتزام الزمني],40)="متأخر",INDEX(tblDeliverables[المخرج],40),""),"") | R42: =IFERROR(IF(AND(INDEX(tblDeliverables[الأولوية],40)="عالية",INDEX(tblDeliverables[الحالة الحالية],40)<>"معتمد ونافذ",INDEX(tblDeliverables[المخرج],40)<>""),INDEX(tblDeliverables[المخرج],40),""),"") | S42: =IFERROR(IF(INDEX(tblMeetings[الحالة],40)="مفتوح",INDEX(tblMeetings[أهم القرارات],40),""),"") | T42: =IFERROR(IF(AND(INDEX(tblMeetings[تاريخ الاستحقاق],40)<>"",INDEX(tblMeetings[تاريخ الاستحقاق],40)>=TODAY(),INDEX(tblMeetings[تاريخ الاستحقاق],40)<=TODAY()+14,INDEX(tblMeetings[الحالة],40)<>"مغلق"),INDEX(tblMeetings[الإجراءات المطلوبة],40),""),"") | V42: =IF(Q42="",V41,IF(V41="",Q42,V41&"، "&Q42)) -> مصفوفة الصلاحيات الشاملة | W42: =IF(R42="",W41,IF(W41="",R42,W41&"، "&R42)) -> لائحة مجلس الإدارة، لائحة لجنة المراجعة، لائحة لجنة الترشيحات والمكافآت، مصفوفة الصلاحيات الشاملة، سياسة تعارض المصالح، سياسة إدارة المخاطر، سياسة الاستثمار والشركات التابعة، تطوير الاستراتيجية الشاملة للمجموعة، مؤشرات الأداء الاستراتيجية | X42: =IF(S42="",X41,IF(X41="",S42,X41&"، "&S42)) -> مراجعة حالة المخرجات المتأخرة، الموافقة على رفع لوائح اللجان للمجلس | Y42: =IF(T42="",Y41,IF(Y41="",T42,Y41&"، "&T42)) -> تسريع اعتماد مصفوفة الصلاحيات الشاملة، جدولة جلسة اعتماد لائحة مجلس الإدارة
Q43: =IFERROR(IF(INDEX(tblDeliverables[مؤشر الالتزام الزمني],41)="متأخر",INDEX(tblDeliverables[المخرج],41),""),"") | R43: =IFERROR(IF(AND(INDEX(tblDeliverables[الأولوية],41)="عالية",INDEX(tblDeliverables[الحالة الحالية],41)<>"معتمد ونافذ",INDEX(tblDeliverables[المخرج],41)<>""),INDEX(tblDeliverables[المخرج],41),""),"") | S43: =IFERROR(IF(INDEX(tblMeetings[الحالة],41)="مفتوح",INDEX(tblMeetings[أهم القرارات],41),""),"") | T43: =IFERROR(IF(AND(INDEX(tblMeetings[تاريخ الاستحقاق],41)<>"",INDEX(tblMeetings[تاريخ الاستحقاق],41)>=TODAY(),INDEX(tblMeetings[تاريخ الاستحقاق],41)<=TODAY()+14,INDEX(tblMeetings[الحالة],41)<>"مغلق"),INDEX(tblMeetings[الإجراءات المطلوبة],41),""),"") | V43: =IF(Q43="",V42,IF(V42="",Q43,V42&"، "&Q43)) -> مصفوفة الصلاحيات الشاملة | W43: =IF(R43="",W42,IF(W42="",R43,W42&"، "&R43)) -> لائحة مجلس الإدارة، لائحة لجنة المراجعة، لائحة لجنة الترشيحات والمكافآت، مصفوفة الصلاحيات الشاملة، سياسة تعارض المصالح، سياسة إدارة المخاطر، سياسة الاستثمار والشركات التابعة، تطوير الاستراتيجية الشاملة للمجموعة، مؤشرات الأداء الاستراتيجية | X43: =IF(S43="",X42,IF(X42="",S43,X42&"، "&S43)) -> مراجعة حالة المخرجات المتأخرة، الموافقة على رفع لوائح اللجان للمجلس | Y43: =IF(T43="",Y42,IF(Y42="",T43,Y42&"، "&T43)) -> تسريع اعتماد مصفوفة الصلاحيات الشاملة، جدولة جلسة اعتماد لائحة مجلس الإدارة
Q44: =IFERROR(IF(INDEX(tblDeliverables[مؤشر الالتزام الزمني],42)="متأخر",INDEX(tblDeliverables[المخرج],42),""),"") | R44: =IFERROR(IF(AND(INDEX(tblDeliverables[الأولوية],42)="عالية",INDEX(tblDeliverables[الحالة الحالية],42)<>"معتمد ونافذ",INDEX(tblDeliverables[المخرج],42)<>""),INDEX(tblDeliverables[المخرج],42),""),"") | S44: =IFERROR(IF(INDEX(tblMeetings[الحالة],42)="مفتوح",INDEX(tblMeetings[أهم القرارات],42),""),"") | T44: =IFERROR(IF(AND(INDEX(tblMeetings[تاريخ الاستحقاق],42)<>"",INDEX(tblMeetings[تاريخ الاستحقاق],42)>=TODAY(),INDEX(tblMeetings[تاريخ الاستحقاق],42)<=TODAY()+14,INDEX(tblMeetings[الحالة],42)<>"مغلق"),INDEX(tblMeetings[الإجراءات المطلوبة],42),""),"") | V44: =IF(Q44="",V43,IF(V43="",Q44,V43&"، "&Q44)) -> مصفوفة الصلاحيات الشاملة | W44: =IF(R44="",W43,IF(W43="",R44,W43&"، "&R44)) -> لائحة مجلس الإدارة، لائحة لجنة المراجعة، لائحة لجنة الترشيحات والمكافآت، مصفوفة الصلاحيات الشاملة، سياسة تعارض المصالح، سياسة إدارة المخاطر، سياسة الاستثمار والشركات التابعة، تطوير الاستراتيجية الشاملة للمجموعة، مؤشرات الأداء الاستراتيجية | X44: =IF(S44="",X43,IF(X43="",S44,X43&"، "&S44)) -> مراجعة حالة المخرجات المتأخرة، الموافقة على رفع لوائح اللجان للمجلس | Y44: =IF(T44="",Y43,IF(Y43="",T44,Y43&"، "&T44)) -> تسريع اعتماد مصفوفة الصلاحيات الشاملة، جدولة جلسة اعتماد لائحة مجلس الإدارة
Q45: =IFERROR(IF(INDEX(tblDeliverables[مؤشر الالتزام الزمني],43)="متأخر",INDEX(tblDeliverables[المخرج],43),""),"") | R45: =IFERROR(IF(AND(INDEX(tblDeliverables[الأولوية],43)="عالية",INDEX(tblDeliverables[الحالة الحالية],43)<>"معتمد ونافذ",INDEX(tblDeliverables[المخرج],43)<>""),INDEX(tblDeliverables[المخرج],43),""),"") | S45: =IFERROR(IF(INDEX(tblMeetings[الحالة],43)="مفتوح",INDEX(tblMeetings[أهم القرارات],43),""),"") | T45: =IFERROR(IF(AND(INDEX(tblMeetings[تاريخ الاستحقاق],43)<>"",INDEX(tblMeetings[تاريخ الاستحقاق],43)>=TODAY(),INDEX(tblMeetings[تاريخ الاستحقاق],43)<=TODAY()+14,INDEX(tblMeetings[الحالة],43)<>"مغلق"),INDEX(tblMeetings[الإجراءات المطلوبة],43),""),"") | V45: =IF(Q45="",V44,IF(V44="",Q45,V44&"، "&Q45)) -> مصفوفة الصلاحيات الشاملة | W45: =IF(R45="",W44,IF(W44="",R45,W44&"، "&R45)) -> لائحة مجلس الإدارة، لائحة لجنة المراجعة، لائحة لجنة الترشيحات والمكافآت، مصفوفة الصلاحيات الشاملة، سياسة تعارض المصالح، سياسة إدارة المخاطر، سياسة الاستثمار والشركات التابعة، تطوير الاستراتيجية الشاملة للمجموعة، مؤشرات الأداء الاستراتيجية | X45: =IF(S45="",X44,IF(X44="",S45,X44&"، "&S45)) -> مراجعة حالة المخرجات المتأخرة، الموافقة على رفع لوائح اللجان للمجلس | Y45: =IF(T45="",Y44,IF(Y44="",T45,Y44&"، "&T45)) -> تسريع اعتماد مصفوفة الصلاحيات الشاملة، جدولة جلسة اعتماد لائحة مجلس الإدارة
Q46: =IFERROR(IF(INDEX(tblDeliverables[مؤشر الالتزام الزمني],44)="متأخر",INDEX(tblDeliverables[المخرج],44),""),"") | R46: =IFERROR(IF(AND(INDEX(tblDeliverables[الأولوية],44)="عالية",INDEX(tblDeliverables[الحالة الحالية],44)<>"معتمد ونافذ",INDEX(tblDeliverables[المخرج],44)<>""),INDEX(tblDeliverables[المخرج],44),""),"") | S46: =IFERROR(IF(INDEX(tblMeetings[الحالة],44)="مفتوح",INDEX(tblMeetings[أهم القرارات],44),""),"") | T46: =IFERROR(IF(AND(INDEX(tblMeetings[تاريخ الاستحقاق],44)<>"",INDEX(tblMeetings[تاريخ الاستحقاق],44)>=TODAY(),INDEX(tblMeetings[تاريخ الاستحقاق],44)<=TODAY()+14,INDEX(tblMeetings[الحالة],44)<>"مغلق"),INDEX(tblMeetings[الإجراءات المطلوبة],44),""),"") | V46: =IF(Q46="",V45,IF(V45="",Q46,V45&"، "&Q46)) -> مصفوفة الصلاحيات الشاملة | W46: =IF(R46="",W45,IF(W45="",R46,W45&"، "&R46)) -> لائحة مجلس الإدارة، لائحة لجنة المراجعة، لائحة لجنة الترشيحات والمكافآت، مصفوفة الصلاحيات الشاملة، سياسة تعارض المصالح، سياسة إدارة المخاطر، سياسة الاستثمار والشركات التابعة، تطوير الاستراتيجية الشاملة للمجموعة، مؤشرات الأداء الاستراتيجية | X46: =IF(S46="",X45,IF(X45="",S46,X45&"، "&S46)) -> مراجعة حالة المخرجات المتأخرة، الموافقة على رفع لوائح اللجان للمجلس | Y46: =IF(T46="",Y45,IF(Y45="",T46,Y45&"، "&T46)) -> تسريع اعتماد مصفوفة الصلاحيات الشاملة، جدولة جلسة اعتماد لائحة مجلس الإدارة
Q47: =IFERROR(IF(INDEX(tblDeliverables[مؤشر الالتزام الزمني],45)="متأخر",INDEX(tblDeliverables[المخرج],45),""),"") | R47: =IFERROR(IF(AND(INDEX(tblDeliverables[الأولوية],45)="عالية",INDEX(tblDeliverables[الحالة الحالية],45)<>"معتمد ونافذ",INDEX(tblDeliverables[المخرج],45)<>""),INDEX(tblDeliverables[المخرج],45),""),"") | S47: =IFERROR(IF(INDEX(tblMeetings[الحالة],45)="مفتوح",INDEX(tblMeetings[أهم القرارات],45),""),"") | T47: =IFERROR(IF(AND(INDEX(tblMeetings[تاريخ الاستحقاق],45)<>"",INDEX(tblMeetings[تاريخ الاستحقاق],45)>=TODAY(),INDEX(tblMeetings[تاريخ الاستحقاق],45)<=TODAY()+14,INDEX(tblMeetings[الحالة],45)<>"مغلق"),INDEX(tblMeetings[الإجراءات المطلوبة],45),""),"") | V47: =IF(Q47="",V46,IF(V46="",Q47,V46&"، "&Q47)) -> مصفوفة الصلاحيات الشاملة | W47: =IF(R47="",W46,IF(W46="",R47,W46&"، "&R47)) -> لائحة مجلس الإدارة، لائحة لجنة المراجعة، لائحة لجنة الترشيحات والمكافآت، مصفوفة الصلاحيات الشاملة، سياسة تعارض المصالح، سياسة إدارة المخاطر، سياسة الاستثمار والشركات التابعة، تطوير الاستراتيجية الشاملة للمجموعة، مؤشرات الأداء الاستراتيجية | X47: =IF(S47="",X46,IF(X46="",S47,X46&"، "&S47)) -> مراجعة حالة المخرجات المتأخرة، الموافقة على رفع لوائح اللجان للمجلس | Y47: =IF(T47="",Y46,IF(Y46="",T47,Y46&"، "&T47)) -> تسريع اعتماد مصفوفة الصلاحيات الشاملة، جدولة جلسة اعتماد لائحة مجلس الإدارة
Q48: =IFERROR(IF(INDEX(tblDeliverables[مؤشر الالتزام الزمني],46)="متأخر",INDEX(tblDeliverables[المخرج],46),""),"") | R48: =IFERROR(IF(AND(INDEX(tblDeliverables[الأولوية],46)="عالية",INDEX(tblDeliverables[الحالة الحالية],46)<>"معتمد ونافذ",INDEX(tblDeliverables[المخرج],46)<>""),INDEX(tblDeliverables[المخرج],46),""),"") | S48: =IFERROR(IF(INDEX(tblMeetings[الحالة],46)="مفتوح",INDEX(tblMeetings[أهم القرارات],46),""),"") | T48: =IFERROR(IF(AND(INDEX(tblMeetings[تاريخ الاستحقاق],46)<>"",INDEX(tblMeetings[تاريخ الاستحقاق],46)>=TODAY(),INDEX(tblMeetings[تاريخ الاستحقاق],46)<=TODAY()+14,INDEX(tblMeetings[الحالة],46)<>"مغلق"),INDEX(tblMeetings[الإجراءات المطلوبة],46),""),"") | V48: =IF(Q48="",V47,IF(V47="",Q48,V47&"، "&Q48)) -> مصفوفة الصلاحيات الشاملة | W48: =IF(R48="",W47,IF(W47="",R48,W47&"، "&R48)) -> لائحة مجلس الإدارة، لائحة لجنة المراجعة، لائحة لجنة الترشيحات والمكافآت، مصفوفة الصلاحيات الشاملة، سياسة تعارض المصالح، سياسة إدارة المخاطر، سياسة الاستثمار والشركات التابعة، تطوير الاستراتيجية الشاملة للمجموعة، مؤشرات الأداء الاستراتيجية | X48: =IF(S48="",X47,IF(X47="",S48,X47&"، "&S48)) -> مراجعة حالة المخرجات المتأخرة، الموافقة على رفع لوائح اللجان للمجلس | Y48: =IF(T48="",Y47,IF(Y47="",T48,Y47&"، "&T48)) -> تسريع اعتماد مصفوفة الصلاحيات الشاملة، جدولة جلسة اعتماد لائحة مجلس الإدارة
Q49: =IFERROR(IF(INDEX(tblDeliverables[مؤشر الالتزام الزمني],47)="متأخر",INDEX(tblDeliverables[المخرج],47),""),"") | R49: =IFERROR(IF(AND(INDEX(tblDeliverables[الأولوية],47)="عالية",INDEX(tblDeliverables[الحالة الحالية],47)<>"معتمد ونافذ",INDEX(tblDeliverables[المخرج],47)<>""),INDEX(tblDeliverables[المخرج],47),""),"") | S49: =IFERROR(IF(INDEX(tblMeetings[الحالة],47)="مفتوح",INDEX(tblMeetings[أهم القرارات],47),""),"") | T49: =IFERROR(IF(AND(INDEX(tblMeetings[تاريخ الاستحقاق],47)<>"",INDEX(tblMeetings[تاريخ الاستحقاق],47)>=TODAY(),INDEX(tblMeetings[تاريخ الاستحقاق],47)<=TODAY()+14,INDEX(tblMeetings[الحالة],47)<>"مغلق"),INDEX(tblMeetings[الإجراءات المطلوبة],47),""),"") | V49: =IF(Q49="",V48,IF(V48="",Q49,V48&"، "&Q49)) -> مصفوفة الصلاحيات الشاملة | W49: =IF(R49="",W48,IF(W48="",R49,W48&"، "&R49)) -> لائحة مجلس الإدارة، لائحة لجنة المراجعة، لائحة لجنة الترشيحات والمكافآت، مصفوفة الصلاحيات الشاملة، سياسة تعارض المصالح، سياسة إدارة المخاطر، سياسة الاستثمار والشركات التابعة، تطوير الاستراتيجية الشاملة للمجموعة، مؤشرات الأداء الاستراتيجية | X49: =IF(S49="",X48,IF(X48="",S49,X48&"، "&S49)) -> مراجعة حالة المخرجات المتأخرة، الموافقة على رفع لوائح اللجان للمجلس | Y49: =IF(T49="",Y48,IF(Y48="",T49,Y48&"، "&T49)) -> تسريع اعتماد مصفوفة الصلاحيات الشاملة، جدولة جلسة اعتماد لائحة مجلس الإدارة
Q50: =IFERROR(IF(INDEX(tblDeliverables[مؤشر الالتزام الزمني],48)="متأخر",INDEX(tblDeliverables[المخرج],48),""),"") | R50: =IFERROR(IF(AND(INDEX(tblDeliverables[الأولوية],48)="عالية",INDEX(tblDeliverables[الحالة الحالية],48)<>"معتمد ونافذ",INDEX(tblDeliverables[المخرج],48)<>""),INDEX(tblDeliverables[المخرج],48),""),"") | S50: =IFERROR(IF(INDEX(tblMeetings[الحالة],48)="مفتوح",INDEX(tblMeetings[أهم القرارات],48),""),"") | T50: =IFERROR(IF(AND(INDEX(tblMeetings[تاريخ الاستحقاق],48)<>"",INDEX(tblMeetings[تاريخ الاستحقاق],48)>=TODAY(),INDEX(tblMeetings[تاريخ الاستحقاق],48)<=TODAY()+14,INDEX(tblMeetings[الحالة],48)<>"مغلق"),INDEX(tblMeetings[الإجراءات المطلوبة],48),""),"") | V50: =IF(Q50="",V49,IF(V49="",Q50,V49&"، "&Q50)) -> مصفوفة الصلاحيات الشاملة | W50: =IF(R50="",W49,IF(W49="",R50,W49&"، "&R50)) -> لائحة مجلس الإدارة، لائحة لجنة المراجعة، لائحة لجنة الترشيحات والمكافآت، مصفوفة الصلاحيات الشاملة، سياسة تعارض المصالح، سياسة إدارة المخاطر، سياسة الاستثمار والشركات التابعة، تطوير الاستراتيجية الشاملة للمجموعة، مؤشرات الأداء الاستراتيجية | X50: =IF(S50="",X49,IF(X49="",S50,X49&"، "&S50)) -> مراجعة حالة المخرجات المتأخرة، الموافقة على رفع لوائح اللجان للمجلس | Y50: =IF(T50="",Y49,IF(Y49="",T50,Y49&"، "&T50)) -> تسريع اعتماد مصفوفة الصلاحيات الشاملة، جدولة جلسة اعتماد لائحة مجلس الإدارة
Q51: =IFERROR(IF(INDEX(tblDeliverables[مؤشر الالتزام الزمني],49)="متأخر",INDEX(tblDeliverables[المخرج],49),""),"") | R51: =IFERROR(IF(AND(INDEX(tblDeliverables[الأولوية],49)="عالية",INDEX(tblDeliverables[الحالة الحالية],49)<>"معتمد ونافذ",INDEX(tblDeliverables[المخرج],49)<>""),INDEX(tblDeliverables[المخرج],49),""),"") | S51: =IFERROR(IF(INDEX(tblMeetings[الحالة],49)="مفتوح",INDEX(tblMeetings[أهم القرارات],49),""),"") | T51: =IFERROR(IF(AND(INDEX(tblMeetings[تاريخ الاستحقاق],49)<>"",INDEX(tblMeetings[تاريخ الاستحقاق],49)>=TODAY(),INDEX(tblMeetings[تاريخ الاستحقاق],49)<=TODAY()+14,INDEX(tblMeetings[الحالة],49)<>"مغلق"),INDEX(tblMeetings[الإجراءات المطلوبة],49),""),"") | V51: =IF(Q51="",V50,IF(V50="",Q51,V50&"، "&Q51)) -> مصفوفة الصلاحيات الشاملة | W51: =IF(R51="",W50,IF(W50="",R51,W50&"، "&R51)) -> لائحة مجلس الإدارة، لائحة لجنة المراجعة، لائحة لجنة الترشيحات والمكافآت، مصفوفة الصلاحيات الشاملة، سياسة تعارض المصالح، سياسة إدارة المخاطر، سياسة الاستثمار والشركات التابعة، تطوير الاستراتيجية الشاملة للمجموعة، مؤشرات الأداء الاستراتيجية | X51: =IF(S51="",X50,IF(X50="",S51,X50&"، "&S51)) -> مراجعة حالة المخرجات المتأخرة، الموافقة على رفع لوائح اللجان للمجلس | Y51: =IF(T51="",Y50,IF(Y50="",T51,Y50&"، "&T51)) -> تسريع اعتماد مصفوفة الصلاحيات الشاملة، جدولة جلسة اعتماد لائحة مجلس الإدارة
Q52: =IFERROR(IF(INDEX(tblDeliverables[مؤشر الالتزام الزمني],50)="متأخر",INDEX(tblDeliverables[المخرج],50),""),"") | R52: =IFERROR(IF(AND(INDEX(tblDeliverables[الأولوية],50)="عالية",INDEX(tblDeliverables[الحالة الحالية],50)<>"معتمد ونافذ",INDEX(tblDeliverables[المخرج],50)<>""),INDEX(tblDeliverables[المخرج],50),""),"") | S52: =IFERROR(IF(INDEX(tblMeetings[الحالة],50)="مفتوح",INDEX(tblMeetings[أهم القرارات],50),""),"") | T52: =IFERROR(IF(AND(INDEX(tblMeetings[تاريخ الاستحقاق],50)<>"",INDEX(tblMeetings[تاريخ الاستحقاق],50)>=TODAY(),INDEX(tblMeetings[تاريخ الاستحقاق],50)<=TODAY()+14,INDEX(tblMeetings[الحالة],50)<>"مغلق"),INDEX(tblMeetings[الإجراءات المطلوبة],50),""),"") | V52: =IF(Q52="",V51,IF(V51="",Q52,V51&"، "&Q52)) -> مصفوفة الصلاحيات الشاملة | W52: =IF(R52="",W51,IF(W51="",R52,W51&"، "&R52)) -> لائحة مجلس الإدارة، لائحة لجنة المراجعة، لائحة لجنة الترشيحات والمكافآت، مصفوفة الصلاحيات الشاملة، سياسة تعارض المصالح، سياسة إدارة المخاطر، سياسة الاستثمار والشركات التابعة، تطوير الاستراتيجية الشاملة للمجموعة، مؤشرات الأداء الاستراتيجية | X52: =IF(S52="",X51,IF(X51="",S52,X51&"، "&S52)) -> مراجعة حالة المخرجات المتأخرة، الموافقة على رفع لوائح اللجان للمجلس | Y52: =IF(T52="",Y51,IF(Y51="",T52,Y51&"، "&T52)) -> تسريع اعتماد مصفوفة الصلاحيات الشاملة، جدولة جلسة اعتماد لائحة مجلس الإدارة
Q53: =IFERROR(IF(INDEX(tblDeliverables[مؤشر الالتزام الزمني],51)="متأخر",INDEX(tblDeliverables[المخرج],51),""),"") | R53: =IFERROR(IF(AND(INDEX(tblDeliverables[الأولوية],51)="عالية",INDEX(tblDeliverables[الحالة الحالية],51)<>"معتمد ونافذ",INDEX(tblDeliverables[المخرج],51)<>""),INDEX(tblDeliverables[المخرج],51),""),"") | S53: =IFERROR(IF(INDEX(tblMeetings[الحالة],51)="مفتوح",INDEX(tblMeetings[أهم القرارات],51),""),"") | T53: =IFERROR(IF(AND(INDEX(tblMeetings[تاريخ الاستحقاق],51)<>"",INDEX(tblMeetings[تاريخ الاستحقاق],51)>=TODAY(),INDEX(tblMeetings[تاريخ الاستحقاق],51)<=TODAY()+14,INDEX(tblMeetings[الحالة],51)<>"مغلق"),INDEX(tblMeetings[الإجراءات المطلوبة],51),""),"") | V53: =IF(Q53="",V52,IF(V52="",Q53,V52&"، "&Q53)) -> مصفوفة الصلاحيات الشاملة | W53: =IF(R53="",W52,IF(W52="",R53,W52&"، "&R53)) -> لائحة مجلس الإدارة، لائحة لجنة المراجعة، لائحة لجنة الترشيحات والمكافآت، مصفوفة الصلاحيات الشاملة، سياسة تعارض المصالح، سياسة إدارة المخاطر، سياسة الاستثمار والشركات التابعة، تطوير الاستراتيجية الشاملة للمجموعة، مؤشرات الأداء الاستراتيجية | X53: =IF(S53="",X52,IF(X52="",S53,X52&"، "&S53)) -> مراجعة حالة المخرجات المتأخرة، الموافقة على رفع لوائح اللجان للمجلس | Y53: =IF(T53="",Y52,IF(Y52="",T53,Y52&"، "&T53)) -> تسريع اعتماد مصفوفة الصلاحيات الشاملة، جدولة جلسة اعتماد لائحة مجلس الإدارة
Q54: =IFERROR(IF(INDEX(tblDeliverables[مؤشر الالتزام الزمني],52)="متأخر",INDEX(tblDeliverables[المخرج],52),""),"") | R54: =IFERROR(IF(AND(INDEX(tblDeliverables[الأولوية],52)="عالية",INDEX(tblDeliverables[الحالة الحالية],52)<>"معتمد ونافذ",INDEX(tblDeliverables[المخرج],52)<>""),INDEX(tblDeliverables[المخرج],52),""),"") | S54: =IFERROR(IF(INDEX(tblMeetings[الحالة],52)="مفتوح",INDEX(tblMeetings[أهم القرارات],52),""),"") | T54: =IFERROR(IF(AND(INDEX(tblMeetings[تاريخ الاستحقاق],52)<>"",INDEX(tblMeetings[تاريخ الاستحقاق],52)>=TODAY(),INDEX(tblMeetings[تاريخ الاستحقاق],52)<=TODAY()+14,INDEX(tblMeetings[الحالة],52)<>"مغلق"),INDEX(tblMeetings[الإجراءات المطلوبة],52),""),"") | V54: =IF(Q54="",V53,IF(V53="",Q54,V53&"، "&Q54)) -> مصفوفة الصلاحيات الشاملة | W54: =IF(R54="",W53,IF(W53="",R54,W53&"، "&R54)) -> لائحة مجلس الإدارة، لائحة لجنة المراجعة، لائحة لجنة الترشيحات والمكافآت، مصفوفة الصلاحيات الشاملة، سياسة تعارض المصالح، سياسة إدارة المخاطر، سياسة الاستثمار والشركات التابعة، تطوير الاستراتيجية الشاملة للمجموعة، مؤشرات الأداء الاستراتيجية | X54: =IF(S54="",X53,IF(X53="",S54,X53&"، "&S54)) -> مراجعة حالة المخرجات المتأخرة، الموافقة على رفع لوائح اللجان للمجلس | Y54: =IF(T54="",Y53,IF(Y53="",T54,Y53&"، "&T54)) -> تسريع اعتماد مصفوفة الصلاحيات الشاملة، جدولة جلسة اعتماد لائحة مجلس الإدارة
Q55: =IFERROR(IF(INDEX(tblDeliverables[مؤشر الالتزام الزمني],53)="متأخر",INDEX(tblDeliverables[المخرج],53),""),"") | R55: =IFERROR(IF(AND(INDEX(tblDeliverables[الأولوية],53)="عالية",INDEX(tblDeliverables[الحالة الحالية],53)<>"معتمد ونافذ",INDEX(tblDeliverables[المخرج],53)<>""),INDEX(tblDeliverables[المخرج],53),""),"") | S55: =IFERROR(IF(INDEX(tblMeetings[الحالة],53)="مفتوح",INDEX(tblMeetings[أهم القرارات],53),""),"") | T55: =IFERROR(IF(AND(INDEX(tblMeetings[تاريخ الاستحقاق],53)<>"",INDEX(tblMeetings[تاريخ الاستحقاق],53)>=TODAY(),INDEX(tblMeetings[تاريخ الاستحقاق],53)<=TODAY()+14,INDEX(tblMeetings[الحالة],53)<>"مغلق"),INDEX(tblMeetings[الإجراءات المطلوبة],53),""),"") | V55: =IF(Q55="",V54,IF(V54="",Q55,V54&"، "&Q55)) -> مصفوفة الصلاحيات الشاملة | W55: =IF(R55="",W54,IF(W54="",R55,W54&"، "&R55)) -> لائحة مجلس الإدارة، لائحة لجنة المراجعة، لائحة لجنة الترشيحات والمكافآت، مصفوفة الصلاحيات الشاملة، سياسة تعارض المصالح، سياسة إدارة المخاطر، سياسة الاستثمار والشركات التابعة، تطوير الاستراتيجية الشاملة للمجموعة، مؤشرات الأداء الاستراتيجية | X55: =IF(S55="",X54,IF(X54="",S55,X54&"، "&S55)) -> مراجعة حالة المخرجات المتأخرة، الموافقة على رفع لوائح اللجان للمجلس | Y55: =IF(T55="",Y54,IF(Y54="",T55,Y54&"، "&T55)) -> تسريع اعتماد مصفوفة الصلاحيات الشاملة، جدولة جلسة اعتماد لائحة مجلس الإدارة
Q56: =IFERROR(IF(INDEX(tblDeliverables[مؤشر الالتزام الزمني],54)="متأخر",INDEX(tblDeliverables[المخرج],54),""),"") | R56: =IFERROR(IF(AND(INDEX(tblDeliverables[الأولوية],54)="عالية",INDEX(tblDeliverables[الحالة الحالية],54)<>"معتمد ونافذ",INDEX(tblDeliverables[المخرج],54)<>""),INDEX(tblDeliverables[المخرج],54),""),"") | S56: =IFERROR(IF(INDEX(tblMeetings[الحالة],54)="مفتوح",INDEX(tblMeetings[أهم القرارات],54),""),"") | T56: =IFERROR(IF(AND(INDEX(tblMeetings[تاريخ الاستحقاق],54)<>"",INDEX(tblMeetings[تاريخ الاستحقاق],54)>=TODAY(),INDEX(tblMeetings[تاريخ الاستحقاق],54)<=TODAY()+14,INDEX(tblMeetings[الحالة],54)<>"مغلق"),INDEX(tblMeetings[الإجراءات المطلوبة],54),""),"") | V56: =IF(Q56="",V55,IF(V55="",Q56,V55&"، "&Q56)) -> مصفوفة الصلاحيات الشاملة | W56: =IF(R56="",W55,IF(W55="",R56,W55&"، "&R56)) -> لائحة مجلس الإدارة، لائحة لجنة المراجعة، لائحة لجنة الترشيحات والمكافآت، مصفوفة الصلاحيات الشاملة، سياسة تعارض المصالح، سياسة إدارة المخاطر، سياسة الاستثمار والشركات التابعة، تطوير الاستراتيجية الشاملة للمجموعة، مؤشرات الأداء الاستراتيجية | X56: =IF(S56="",X55,IF(X55="",S56,X55&"، "&S56)) -> مراجعة حالة المخرجات المتأخرة، الموافقة على رفع لوائح اللجان للمجلس | Y56: =IF(T56="",Y55,IF(Y55="",T56,Y55&"، "&T56)) -> تسريع اعتماد مصفوفة الصلاحيات الشاملة، جدولة جلسة اعتماد لائحة مجلس الإدارة
Q57: =IFERROR(IF(INDEX(tblDeliverables[مؤشر الالتزام الزمني],55)="متأخر",INDEX(tblDeliverables[المخرج],55),""),"") | R57: =IFERROR(IF(AND(INDEX(tblDeliverables[الأولوية],55)="عالية",INDEX(tblDeliverables[الحالة الحالية],55)<>"معتمد ونافذ",INDEX(tblDeliverables[المخرج],55)<>""),INDEX(tblDeliverables[المخرج],55),""),"") | S57: =IFERROR(IF(INDEX(tblMeetings[الحالة],55)="مفتوح",INDEX(tblMeetings[أهم القرارات],55),""),"") | T57: =IFERROR(IF(AND(INDEX(tblMeetings[تاريخ الاستحقاق],55)<>"",INDEX(tblMeetings[تاريخ الاستحقاق],55)>=TODAY(),INDEX(tblMeetings[تاريخ الاستحقاق],55)<=TODAY()+14,INDEX(tblMeetings[الحالة],55)<>"مغلق"),INDEX(tblMeetings[الإجراءات المطلوبة],55),""),"") | V57: =IF(Q57="",V56,IF(V56="",Q57,V56&"، "&Q57)) -> مصفوفة الصلاحيات الشاملة | W57: =IF(R57="",W56,IF(W56="",R57,W56&"، "&R57)) -> لائحة مجلس الإدارة، لائحة لجنة المراجعة، لائحة لجنة الترشيحات والمكافآت، مصفوفة الصلاحيات الشاملة، سياسة تعارض المصالح، سياسة إدارة المخاطر، سياسة الاستثمار والشركات التابعة، تطوير الاستراتيجية الشاملة للمجموعة، مؤشرات الأداء الاستراتيجية | X57: =IF(S57="",X56,IF(X56="",S57,X56&"، "&S57)) -> مراجعة حالة المخرجات المتأخرة، الموافقة على رفع لوائح اللجان للمجلس | Y57: =IF(T57="",Y56,IF(Y56="",T57,Y56&"، "&T57)) -> تسريع اعتماد مصفوفة الصلاحيات الشاملة، جدولة جلسة اعتماد لائحة مجلس الإدارة
Q58: =IFERROR(IF(INDEX(tblDeliverables[مؤشر الالتزام الزمني],56)="متأخر",INDEX(tblDeliverables[المخرج],56),""),"") | R58: =IFERROR(IF(AND(INDEX(tblDeliverables[الأولوية],56)="عالية",INDEX(tblDeliverables[الحالة الحالية],56)<>"معتمد ونافذ",INDEX(tblDeliverables[المخرج],56)<>""),INDEX(tblDeliverables[المخرج],56),""),"") | S58: =IFERROR(IF(INDEX(tblMeetings[الحالة],56)="مفتوح",INDEX(tblMeetings[أهم القرارات],56),""),"") | T58: =IFERROR(IF(AND(INDEX(tblMeetings[تاريخ الاستحقاق],56)<>"",INDEX(tblMeetings[تاريخ الاستحقاق],56)>=TODAY(),INDEX(tblMeetings[تاريخ الاستحقاق],56)<=TODAY()+14,INDEX(tblMeetings[الحالة],56)<>"مغلق"),INDEX(tblMeetings[الإجراءات المطلوبة],56),""),"") | V58: =IF(Q58="",V57,IF(V57="",Q58,V57&"، "&Q58)) -> مصفوفة الصلاحيات الشاملة | W58: =IF(R58="",W57,IF(W57="",R58,W57&"، "&R58)) -> لائحة مجلس الإدارة، لائحة لجنة المراجعة، لائحة لجنة الترشيحات والمكافآت، مصفوفة الصلاحيات الشاملة، سياسة تعارض المصالح، سياسة إدارة المخاطر، سياسة الاستثمار والشركات التابعة، تطوير الاستراتيجية الشاملة للمجموعة، مؤشرات الأداء الاستراتيجية | X58: =IF(S58="",X57,IF(X57="",S58,X57&"، "&S58)) -> مراجعة حالة المخرجات المتأخرة، الموافقة على رفع لوائح اللجان للمجلس | Y58: =IF(T58="",Y57,IF(Y57="",T58,Y57&"، "&T58)) -> تسريع اعتماد مصفوفة الصلاحيات الشاملة، جدولة جلسة اعتماد لائحة مجلس الإدارة
Q59: =IFERROR(IF(INDEX(tblDeliverables[مؤشر الالتزام الزمني],57)="متأخر",INDEX(tblDeliverables[المخرج],57),""),"") | R59: =IFERROR(IF(AND(INDEX(tblDeliverables[الأولوية],57)="عالية",INDEX(tblDeliverables[الحالة الحالية],57)<>"معتمد ونافذ",INDEX(tblDeliverables[المخرج],57)<>""),INDEX(tblDeliverables[المخرج],57),""),"") | S59: =IFERROR(IF(INDEX(tblMeetings[الحالة],57)="مفتوح",INDEX(tblMeetings[أهم القرارات],57),""),"") | T59: =IFERROR(IF(AND(INDEX(tblMeetings[تاريخ الاستحقاق],57)<>"",INDEX(tblMeetings[تاريخ الاستحقاق],57)>=TODAY(),INDEX(tblMeetings[تاريخ الاستحقاق],57)<=TODAY()+14,INDEX(tblMeetings[الحالة],57)<>"مغلق"),INDEX(tblMeetings[الإجراءات المطلوبة],57),""),"") | V59: =IF(Q59="",V58,IF(V58="",Q59,V58&"، "&Q59)) -> مصفوفة الصلاحيات الشاملة | W59: =IF(R59="",W58,IF(W58="",R59,W58&"، "&R59)) -> لائحة مجلس الإدارة، لائحة لجنة المراجعة، لائحة لجنة الترشيحات والمكافآت، مصفوفة الصلاحيات الشاملة، سياسة تعارض المصالح، سياسة إدارة المخاطر، سياسة الاستثمار والشركات التابعة، تطوير الاستراتيجية الشاملة للمجموعة، مؤشرات الأداء الاستراتيجية | X59: =IF(S59="",X58,IF(X58="",S59,X58&"، "&S59)) -> مراجعة حالة المخرجات المتأخرة، الموافقة على رفع لوائح اللجان للمجلس | Y59: =IF(T59="",Y58,IF(Y58="",T59,Y58&"، "&T59)) -> تسريع اعتماد مصفوفة الصلاحيات الشاملة، جدولة جلسة اعتماد لائحة مجلس الإدارة
Q60: =IFERROR(IF(INDEX(tblDeliverables[مؤشر الالتزام الزمني],58)="متأخر",INDEX(tblDeliverables[المخرج],58),""),"") | R60: =IFERROR(IF(AND(INDEX(tblDeliverables[الأولوية],58)="عالية",INDEX(tblDeliverables[الحالة الحالية],58)<>"معتمد ونافذ",INDEX(tblDeliverables[المخرج],58)<>""),INDEX(tblDeliverables[المخرج],58),""),"") | S60: =IFERROR(IF(INDEX(tblMeetings[الحالة],58)="مفتوح",INDEX(tblMeetings[أهم القرارات],58),""),"") | T60: =IFERROR(IF(AND(INDEX(tblMeetings[تاريخ الاستحقاق],58)<>"",INDEX(tblMeetings[تاريخ الاستحقاق],58)>=TODAY(),INDEX(tblMeetings[تاريخ الاستحقاق],58)<=TODAY()+14,INDEX(tblMeetings[الحالة],58)<>"مغلق"),INDEX(tblMeetings[الإجراءات المطلوبة],58),""),"") | V60: =IF(Q60="",V59,IF(V59="",Q60,V59&"، "&Q60)) -> مصفوفة الصلاحيات الشاملة | W60: =IF(R60="",W59,IF(W59="",R60,W59&"، "&R60)) -> لائحة مجلس الإدارة، لائحة لجنة المراجعة، لائحة لجنة الترشيحات والمكافآت، مصفوفة الصلاحيات الشاملة، سياسة تعارض المصالح، سياسة إدارة المخاطر، سياسة الاستثمار والشركات التابعة، تطوير الاستراتيجية الشاملة للمجموعة، مؤشرات الأداء الاستراتيجية | X60: =IF(S60="",X59,IF(X59="",S60,X59&"، "&S60)) -> مراجعة حالة المخرجات المتأخرة، الموافقة على رفع لوائح اللجان للمجلس | Y60: =IF(T60="",Y59,IF(Y59="",T60,Y59&"، "&T60)) -> تسريع اعتماد مصفوفة الصلاحيات الشاملة، جدولة جلسة اعتماد لائحة مجلس الإدارة
Q61: =IFERROR(IF(INDEX(tblDeliverables[مؤشر الالتزام الزمني],59)="متأخر",INDEX(tblDeliverables[المخرج],59),""),"") | R61: =IFERROR(IF(AND(INDEX(tblDeliverables[الأولوية],59)="عالية",INDEX(tblDeliverables[الحالة الحالية],59)<>"معتمد ونافذ",INDEX(tblDeliverables[المخرج],59)<>""),INDEX(tblDeliverables[المخرج],59),""),"") | S61: =IFERROR(IF(INDEX(tblMeetings[الحالة],59)="مفتوح",INDEX(tblMeetings[أهم القرارات],59),""),"") | T61: =IFERROR(IF(AND(INDEX(tblMeetings[تاريخ الاستحقاق],59)<>"",INDEX(tblMeetings[تاريخ الاستحقاق],59)>=TODAY(),INDEX(tblMeetings[تاريخ الاستحقاق],59)<=TODAY()+14,INDEX(tblMeetings[الحالة],59)<>"مغلق"),INDEX(tblMeetings[الإجراءات المطلوبة],59),""),"") | V61: =IF(Q61="",V60,IF(V60="",Q61,V60&"، "&Q61)) -> مصفوفة الصلاحيات الشاملة | W61: =IF(R61="",W60,IF(W60="",R61,W60&"، "&R61)) -> لائحة مجلس الإدارة، لائحة لجنة المراجعة، لائحة لجنة الترشيحات والمكافآت، مصفوفة الصلاحيات الشاملة، سياسة تعارض المصالح، سياسة إدارة المخاطر، سياسة الاستثمار والشركات التابعة، تطوير الاستراتيجية الشاملة للمجموعة، مؤشرات الأداء الاستراتيجية | X61: =IF(S61="",X60,IF(X60="",S61,X60&"، "&S61)) -> مراجعة حالة المخرجات المتأخرة، الموافقة على رفع لوائح اللجان للمجلس | Y61: =IF(T61="",Y60,IF(Y60="",T61,Y60&"، "&T61)) -> تسريع اعتماد مصفوفة الصلاحيات الشاملة، جدولة جلسة اعتماد لائحة مجلس الإدارة
Q62: =IFERROR(IF(INDEX(tblDeliverables[مؤشر الالتزام الزمني],60)="متأخر",INDEX(tblDeliverables[المخرج],60),""),"") | R62: =IFERROR(IF(AND(INDEX(tblDeliverables[الأولوية],60)="عالية",INDEX(tblDeliverables[الحالة الحالية],60)<>"معتمد ونافذ",INDEX(tblDeliverables[المخرج],60)<>""),INDEX(tblDeliverables[المخرج],60),""),"") | S62: =IFERROR(IF(INDEX(tblMeetings[الحالة],60)="مفتوح",INDEX(tblMeetings[أهم القرارات],60),""),"") | T62: =IFERROR(IF(AND(INDEX(tblMeetings[تاريخ الاستحقاق],60)<>"",INDEX(tblMeetings[تاريخ الاستحقاق],60)>=TODAY(),INDEX(tblMeetings[تاريخ الاستحقاق],60)<=TODAY()+14,INDEX(tblMeetings[الحالة],60)<>"مغلق"),INDEX(tblMeetings[الإجراءات المطلوبة],60),""),"") | V62: =IF(Q62="",V61,IF(V61="",Q62,V61&"، "&Q62)) -> مصفوفة الصلاحيات الشاملة | W62: =IF(R62="",W61,IF(W61="",R62,W61&"، "&R62)) -> لائحة مجلس الإدارة، لائحة لجنة المراجعة، لائحة لجنة الترشيحات والمكافآت، مصفوفة الصلاحيات الشاملة، سياسة تعارض المصالح، سياسة إدارة المخاطر، سياسة الاستثمار والشركات التابعة، تطوير الاستراتيجية الشاملة للمجموعة، مؤشرات الأداء الاستراتيجية | X62: =IF(S62="",X61,IF(X61="",S62,X61&"، "&S62)) -> مراجعة حالة المخرجات المتأخرة، الموافقة على رفع لوائح اللجان للمجلس | Y62: =IF(T62="",Y61,IF(Y61="",T62,Y61&"، "&T62)) -> تسريع اعتماد مصفوفة الصلاحيات الشاملة، جدولة جلسة اعتماد لائحة مجلس الإدارة
Q63: =IFERROR(IF(INDEX(tblDeliverables[مؤشر الالتزام الزمني],61)="متأخر",INDEX(tblDeliverables[المخرج],61),""),"") | R63: =IFERROR(IF(AND(INDEX(tblDeliverables[الأولوية],61)="عالية",INDEX(tblDeliverables[الحالة الحالية],61)<>"معتمد ونافذ",INDEX(tblDeliverables[المخرج],61)<>""),INDEX(tblDeliverables[المخرج],61),""),"") | S63: =IFERROR(IF(INDEX(tblMeetings[الحالة],61)="مفتوح",INDEX(tblMeetings[أهم القرارات],61),""),"") | T63: =IFERROR(IF(AND(INDEX(tblMeetings[تاريخ الاستحقاق],61)<>"",INDEX(tblMeetings[تاريخ الاستحقاق],61)>=TODAY(),INDEX(tblMeetings[تاريخ الاستحقاق],61)<=TODAY()+14,INDEX(tblMeetings[الحالة],61)<>"مغلق"),INDEX(tblMeetings[الإجراءات المطلوبة],61),""),"") | V63: =IF(Q63="",V62,IF(V62="",Q63,V62&"، "&Q63)) -> مصفوفة الصلاحيات الشاملة | W63: =IF(R63="",W62,IF(W62="",R63,W62&"، "&R63)) -> لائحة مجلس الإدارة، لائحة لجنة المراجعة، لائحة لجنة الترشيحات والمكافآت، مصفوفة الصلاحيات الشاملة، سياسة تعارض المصالح، سياسة إدارة المخاطر، سياسة الاستثمار والشركات التابعة، تطوير الاستراتيجية الشاملة للمجموعة، مؤشرات الأداء الاستراتيجية | X63: =IF(S63="",X62,IF(X62="",S63,X62&"، "&S63)) -> مراجعة حالة المخرجات المتأخرة، الموافقة على رفع لوائح اللجان للمجلس | Y63: =IF(T63="",Y62,IF(Y62="",T63,Y62&"، "&T63)) -> تسريع اعتماد مصفوفة الصلاحيات الشاملة، جدولة جلسة اعتماد لائحة مجلس الإدارة
Q64: =IFERROR(IF(INDEX(tblDeliverables[مؤشر الالتزام الزمني],62)="متأخر",INDEX(tblDeliverables[المخرج],62),""),"") | R64: =IFERROR(IF(AND(INDEX(tblDeliverables[الأولوية],62)="عالية",INDEX(tblDeliverables[الحالة الحالية],62)<>"معتمد ونافذ",INDEX(tblDeliverables[المخرج],62)<>""),INDEX(tblDeliverables[المخرج],62),""),"") | S64: =IFERROR(IF(INDEX(tblMeetings[الحالة],62)="مفتوح",INDEX(tblMeetings[أهم القرارات],62),""),"") | T64: =IFERROR(IF(AND(INDEX(tblMeetings[تاريخ الاستحقاق],62)<>"",INDEX(tblMeetings[تاريخ الاستحقاق],62)>=TODAY(),INDEX(tblMeetings[تاريخ الاستحقاق],62)<=TODAY()+14,INDEX(tblMeetings[الحالة],62)<>"مغلق"),INDEX(tblMeetings[الإجراءات المطلوبة],62),""),"") | V64: =IF(Q64="",V63,IF(V63="",Q64,V63&"، "&Q64)) -> مصفوفة الصلاحيات الشاملة | W64: =IF(R64="",W63,IF(W63="",R64,W63&"، "&R64)) -> لائحة مجلس الإدارة، لائحة لجنة المراجعة، لائحة لجنة الترشيحات والمكافآت، مصفوفة الصلاحيات الشاملة، سياسة تعارض المصالح، سياسة إدارة المخاطر، سياسة الاستثمار والشركات التابعة، تطوير الاستراتيجية الشاملة للمجموعة، مؤشرات الأداء الاستراتيجية | X64: =IF(S64="",X63,IF(X63="",S64,X63&"، "&S64)) -> مراجعة حالة المخرجات المتأخرة، الموافقة على رفع لوائح اللجان للمجلس | Y64: =IF(T64="",Y63,IF(Y63="",T64,Y63&"، "&T64)) -> تسريع اعتماد مصفوفة الصلاحيات الشاملة، جدولة جلسة اعتماد لائحة مجلس الإدارة
Q65: =IFERROR(IF(INDEX(tblDeliverables[مؤشر الالتزام الزمني],63)="متأخر",INDEX(tblDeliverables[المخرج],63),""),"") | R65: =IFERROR(IF(AND(INDEX(tblDeliverables[الأولوية],63)="عالية",INDEX(tblDeliverables[الحالة الحالية],63)<>"معتمد ونافذ",INDEX(tblDeliverables[المخرج],63)<>""),INDEX(tblDeliverables[المخرج],63),""),"") | S65: =IFERROR(IF(INDEX(tblMeetings[الحالة],63)="مفتوح",INDEX(tblMeetings[أهم القرارات],63),""),"") | T65: =IFERROR(IF(AND(INDEX(tblMeetings[تاريخ الاستحقاق],63)<>"",INDEX(tblMeetings[تاريخ الاستحقاق],63)>=TODAY(),INDEX(tblMeetings[تاريخ الاستحقاق],63)<=TODAY()+14,INDEX(tblMeetings[الحالة],63)<>"مغلق"),INDEX(tblMeetings[الإجراءات المطلوبة],63),""),"") | V65: =IF(Q65="",V64,IF(V64="",Q65,V64&"، "&Q65)) -> مصفوفة الصلاحيات الشاملة | W65: =IF(R65="",W64,IF(W64="",R65,W64&"، "&R65)) -> لائحة مجلس الإدارة، لائحة لجنة المراجعة، لائحة لجنة الترشيحات والمكافآت، مصفوفة الصلاحيات الشاملة، سياسة تعارض المصالح، سياسة إدارة المخاطر، سياسة الاستثمار والشركات التابعة، تطوير الاستراتيجية الشاملة للمجموعة، مؤشرات الأداء الاستراتيجية | X65: =IF(S65="",X64,IF(X64="",S65,X64&"، "&S65)) -> مراجعة حالة المخرجات المتأخرة، الموافقة على رفع لوائح اللجان للمجلس | Y65: =IF(T65="",Y64,IF(Y64="",T65,Y64&"، "&T65)) -> تسريع اعتماد مصفوفة الصلاحيات الشاملة، جدولة جلسة اعتماد لائحة مجلس الإدارة
Q66: =IFERROR(IF(INDEX(tblDeliverables[مؤشر الالتزام الزمني],64)="متأخر",INDEX(tblDeliverables[المخرج],64),""),"") | R66: =IFERROR(IF(AND(INDEX(tblDeliverables[الأولوية],64)="عالية",INDEX(tblDeliverables[الحالة الحالية],64)<>"معتمد ونافذ",INDEX(tblDeliverables[المخرج],64)<>""),INDEX(tblDeliverables[المخرج],64),""),"") | S66: =IFERROR(IF(INDEX(tblMeetings[الحالة],64)="مفتوح",INDEX(tblMeetings[أهم القرارات],64),""),"") | T66: =IFERROR(IF(AND(INDEX(tblMeetings[تاريخ الاستحقاق],64)<>"",INDEX(tblMeetings[تاريخ الاستحقاق],64)>=TODAY(),INDEX(tblMeetings[تاريخ الاستحقاق],64)<=TODAY()+14,INDEX(tblMeetings[الحالة],64)<>"مغلق"),INDEX(tblMeetings[الإجراءات المطلوبة],64),""),"") | V66: =IF(Q66="",V65,IF(V65="",Q66,V65&"، "&Q66)) -> مصفوفة الصلاحيات الشاملة | W66: =IF(R66="",W65,IF(W65="",R66,W65&"، "&R66)) -> لائحة مجلس الإدارة، لائحة لجنة المراجعة، لائحة لجنة الترشيحات والمكافآت، مصفوفة الصلاحيات الشاملة، سياسة تعارض المصالح، سياسة إدارة المخاطر، سياسة الاستثمار والشركات التابعة، تطوير الاستراتيجية الشاملة للمجموعة، مؤشرات الأداء الاستراتيجية | X66: =IF(S66="",X65,IF(X65="",S66,X65&"، "&S66)) -> مراجعة حالة المخرجات المتأخرة، الموافقة على رفع لوائح اللجان للمجلس | Y66: =IF(T66="",Y65,IF(Y65="",T66,Y65&"، "&T66)) -> تسريع اعتماد مصفوفة الصلاحيات الشاملة، جدولة جلسة اعتماد لائحة مجلس الإدارة
Q67: =IFERROR(IF(INDEX(tblDeliverables[مؤشر الالتزام الزمني],65)="متأخر",INDEX(tblDeliverables[المخرج],65),""),"") | R67: =IFERROR(IF(AND(INDEX(tblDeliverables[الأولوية],65)="عالية",INDEX(tblDeliverables[الحالة الحالية],65)<>"معتمد ونافذ",INDEX(tblDeliverables[المخرج],65)<>""),INDEX(tblDeliverables[المخرج],65),""),"") | S67: =IFERROR(IF(INDEX(tblMeetings[الحالة],65)="مفتوح",INDEX(tblMeetings[أهم القرارات],65),""),"") | T67: =IFERROR(IF(AND(INDEX(tblMeetings[تاريخ الاستحقاق],65)<>"",INDEX(tblMeetings[تاريخ الاستحقاق],65)>=TODAY(),INDEX(tblMeetings[تاريخ الاستحقاق],65)<=TODAY()+14,INDEX(tblMeetings[الحالة],65)<>"مغلق"),INDEX(tblMeetings[الإجراءات المطلوبة],65),""),"") | V67: =IF(Q67="",V66,IF(V66="",Q67,V66&"، "&Q67)) -> مصفوفة الصلاحيات الشاملة | W67: =IF(R67="",W66,IF(W66="",R67,W66&"، "&R67)) -> لائحة مجلس الإدارة، لائحة لجنة المراجعة، لائحة لجنة الترشيحات والمكافآت، مصفوفة الصلاحيات الشاملة، سياسة تعارض المصالح، سياسة إدارة المخاطر، سياسة الاستثمار والشركات التابعة، تطوير الاستراتيجية الشاملة للمجموعة، مؤشرات الأداء الاستراتيجية | X67: =IF(S67="",X66,IF(X66="",S67,X66&"، "&S67)) -> مراجعة حالة المخرجات المتأخرة، الموافقة على رفع لوائح اللجان للمجلس | Y67: =IF(T67="",Y66,IF(Y66="",T67,Y66&"، "&T67)) -> تسريع اعتماد مصفوفة الصلاحيات الشاملة، جدولة جلسة اعتماد لائحة مجلس الإدارة
Q68: =IFERROR(IF(INDEX(tblDeliverables[مؤشر الالتزام الزمني],66)="متأخر",INDEX(tblDeliverables[المخرج],66),""),"") | R68: =IFERROR(IF(AND(INDEX(tblDeliverables[الأولوية],66)="عالية",INDEX(tblDeliverables[الحالة الحالية],66)<>"معتمد ونافذ",INDEX(tblDeliverables[المخرج],66)<>""),INDEX(tblDeliverables[المخرج],66),""),"") | S68: =IFERROR(IF(INDEX(tblMeetings[الحالة],66)="مفتوح",INDEX(tblMeetings[أهم القرارات],66),""),"") | T68: =IFERROR(IF(AND(INDEX(tblMeetings[تاريخ الاستحقاق],66)<>"",INDEX(tblMeetings[تاريخ الاستحقاق],66)>=TODAY(),INDEX(tblMeetings[تاريخ الاستحقاق],66)<=TODAY()+14,INDEX(tblMeetings[الحالة],66)<>"مغلق"),INDEX(tblMeetings[الإجراءات المطلوبة],66),""),"") | V68: =IF(Q68="",V67,IF(V67="",Q68,V67&"، "&Q68)) -> مصفوفة الصلاحيات الشاملة | W68: =IF(R68="",W67,IF(W67="",R68,W67&"، "&R68)) -> لائحة مجلس الإدارة، لائحة لجنة المراجعة، لائحة لجنة الترشيحات والمكافآت، مصفوفة الصلاحيات الشاملة، سياسة تعارض المصالح، سياسة إدارة المخاطر، سياسة الاستثمار والشركات التابعة، تطوير الاستراتيجية الشاملة للمجموعة، مؤشرات الأداء الاستراتيجية | X68: =IF(S68="",X67,IF(X67="",S68,X67&"، "&S68)) -> مراجعة حالة المخرجات المتأخرة، الموافقة على رفع لوائح اللجان للمجلس | Y68: =IF(T68="",Y67,IF(Y67="",T68,Y67&"، "&T68)) -> تسريع اعتماد مصفوفة الصلاحيات الشاملة، جدولة جلسة اعتماد لائحة مجلس الإدارة
Q69: =IFERROR(IF(INDEX(tblDeliverables[مؤشر الالتزام الزمني],67)="متأخر",INDEX(tblDeliverables[المخرج],67),""),"") | R69: =IFERROR(IF(AND(INDEX(tblDeliverables[الأولوية],67)="عالية",INDEX(tblDeliverables[الحالة الحالية],67)<>"معتمد ونافذ",INDEX(tblDeliverables[المخرج],67)<>""),INDEX(tblDeliverables[المخرج],67),""),"") | S69: =IFERROR(IF(INDEX(tblMeetings[الحالة],67)="مفتوح",INDEX(tblMeetings[أهم القرارات],67),""),"") | T69: =IFERROR(IF(AND(INDEX(tblMeetings[تاريخ الاستحقاق],67)<>"",INDEX(tblMeetings[تاريخ الاستحقاق],67)>=TODAY(),INDEX(tblMeetings[تاريخ الاستحقاق],67)<=TODAY()+14,INDEX(tblMeetings[الحالة],67)<>"مغلق"),INDEX(tblMeetings[الإجراءات المطلوبة],67),""),"") | V69: =IF(Q69="",V68,IF(V68="",Q69,V68&"، "&Q69)) -> مصفوفة الصلاحيات الشاملة | W69: =IF(R69="",W68,IF(W68="",R69,W68&"، "&R69)) -> لائحة مجلس الإدارة، لائحة لجنة المراجعة، لائحة لجنة الترشيحات والمكافآت، مصفوفة الصلاحيات الشاملة، سياسة تعارض المصالح، سياسة إدارة المخاطر، سياسة الاستثمار والشركات التابعة، تطوير الاستراتيجية الشاملة للمجموعة، مؤشرات الأداء الاستراتيجية | X69: =IF(S69="",X68,IF(X68="",S69,X68&"، "&S69)) -> مراجعة حالة المخرجات المتأخرة، الموافقة على رفع لوائح اللجان للمجلس | Y69: =IF(T69="",Y68,IF(Y68="",T69,Y68&"، "&T69)) -> تسريع اعتماد مصفوفة الصلاحيات الشاملة، جدولة جلسة اعتماد لائحة مجلس الإدارة
Q70: =IFERROR(IF(INDEX(tblDeliverables[مؤشر الالتزام الزمني],68)="متأخر",INDEX(tblDeliverables[المخرج],68),""),"") | R70: =IFERROR(IF(AND(INDEX(tblDeliverables[الأولوية],68)="عالية",INDEX(tblDeliverables[الحالة الحالية],68)<>"معتمد ونافذ",INDEX(tblDeliverables[المخرج],68)<>""),INDEX(tblDeliverables[المخرج],68),""),"") | S70: =IFERROR(IF(INDEX(tblMeetings[الحالة],68)="مفتوح",INDEX(tblMeetings[أهم القرارات],68),""),"") | T70: =IFERROR(IF(AND(INDEX(tblMeetings[تاريخ الاستحقاق],68)<>"",INDEX(tblMeetings[تاريخ الاستحقاق],68)>=TODAY(),INDEX(tblMeetings[تاريخ الاستحقاق],68)<=TODAY()+14,INDEX(tblMeetings[الحالة],68)<>"مغلق"),INDEX(tblMeetings[الإجراءات المطلوبة],68),""),"") | V70: =IF(Q70="",V69,IF(V69="",Q70,V69&"، "&Q70)) -> مصفوفة الصلاحيات الشاملة | W70: =IF(R70="",W69,IF(W69="",R70,W69&"، "&R70)) -> لائحة مجلس الإدارة، لائحة لجنة المراجعة، لائحة لجنة الترشيحات والمكافآت، مصفوفة الصلاحيات الشاملة، سياسة تعارض المصالح، سياسة إدارة المخاطر، سياسة الاستثمار والشركات التابعة، تطوير الاستراتيجية الشاملة للمجموعة، مؤشرات الأداء الاستراتيجية | X70: =IF(S70="",X69,IF(X69="",S70,X69&"، "&S70)) -> مراجعة حالة المخرجات المتأخرة، الموافقة على رفع لوائح اللجان للمجلس | Y70: =IF(T70="",Y69,IF(Y69="",T70,Y69&"، "&T70)) -> تسريع اعتماد مصفوفة الصلاحيات الشاملة، جدولة جلسة اعتماد لائحة مجلس الإدارة
Q71: =IFERROR(IF(INDEX(tblDeliverables[مؤشر الالتزام الزمني],69)="متأخر",INDEX(tblDeliverables[المخرج],69),""),"") | R71: =IFERROR(IF(AND(INDEX(tblDeliverables[الأولوية],69)="عالية",INDEX(tblDeliverables[الحالة الحالية],69)<>"معتمد ونافذ",INDEX(tblDeliverables[المخرج],69)<>""),INDEX(tblDeliverables[المخرج],69),""),"") | S71: =IFERROR(IF(INDEX(tblMeetings[الحالة],69)="مفتوح",INDEX(tblMeetings[أهم القرارات],69),""),"") | T71: =IFERROR(IF(AND(INDEX(tblMeetings[تاريخ الاستحقاق],69)<>"",INDEX(tblMeetings[تاريخ الاستحقاق],69)>=TODAY(),INDEX(tblMeetings[تاريخ الاستحقاق],69)<=TODAY()+14,INDEX(tblMeetings[الحالة],69)<>"مغلق"),INDEX(tblMeetings[الإجراءات المطلوبة],69),""),"") | V71: =IF(Q71="",V70,IF(V70="",Q71,V70&"، "&Q71)) -> مصفوفة الصلاحيات الشاملة | W71: =IF(R71="",W70,IF(W70="",R71,W70&"، "&R71)) -> لائحة مجلس الإدارة، لائحة لجنة المراجعة، لائحة لجنة الترشيحات والمكافآت، مصفوفة الصلاحيات الشاملة، سياسة تعارض المصالح، سياسة إدارة المخاطر، سياسة الاستثمار والشركات التابعة، تطوير الاستراتيجية الشاملة للمجموعة، مؤشرات الأداء الاستراتيجية | X71: =IF(S71="",X70,IF(X70="",S71,X70&"، "&S71)) -> مراجعة حالة المخرجات المتأخرة، الموافقة على رفع لوائح اللجان للمجلس | Y71: =IF(T71="",Y70,IF(Y70="",T71,Y70&"، "&T71)) -> تسريع اعتماد مصفوفة الصلاحيات الشاملة، جدولة جلسة اعتماد لائحة مجلس الإدارة
Q72: =IFERROR(IF(INDEX(tblDeliverables[مؤشر الالتزام الزمني],70)="متأخر",INDEX(tblDeliverables[المخرج],70),""),"") | R72: =IFERROR(IF(AND(INDEX(tblDeliverables[الأولوية],70)="عالية",INDEX(tblDeliverables[الحالة الحالية],70)<>"معتمد ونافذ",INDEX(tblDeliverables[المخرج],70)<>""),INDEX(tblDeliverables[المخرج],70),""),"") | S72: =IFERROR(IF(INDEX(tblMeetings[الحالة],70)="مفتوح",INDEX(tblMeetings[أهم القرارات],70),""),"") | T72: =IFERROR(IF(AND(INDEX(tblMeetings[تاريخ الاستحقاق],70)<>"",INDEX(tblMeetings[تاريخ الاستحقاق],70)>=TODAY(),INDEX(tblMeetings[تاريخ الاستحقاق],70)<=TODAY()+14,INDEX(tblMeetings[الحالة],70)<>"مغلق"),INDEX(tblMeetings[الإجراءات المطلوبة],70),""),"") | V72: =IF(Q72="",V71,IF(V71="",Q72,V71&"، "&Q72)) -> مصفوفة الصلاحيات الشاملة | W72: =IF(R72="",W71,IF(W71="",R72,W71&"، "&R72)) -> لائحة مجلس الإدارة، لائحة لجنة المراجعة، لائحة لجنة الترشيحات والمكافآت، مصفوفة الصلاحيات الشاملة، سياسة تعارض المصالح، سياسة إدارة المخاطر، سياسة الاستثمار والشركات التابعة، تطوير الاستراتيجية الشاملة للمجموعة، مؤشرات الأداء الاستراتيجية | X72: =IF(S72="",X71,IF(X71="",S72,X71&"، "&S72)) -> مراجعة حالة المخرجات المتأخرة، الموافقة على رفع لوائح اللجان للمجلس | Y72: =IF(T72="",Y71,IF(Y71="",T72,Y71&"، "&T72)) -> تسريع اعتماد مصفوفة الصلاحيات الشاملة، جدولة جلسة اعتماد لائحة مجلس الإدارة
Q73: =IFERROR(IF(INDEX(tblDeliverables[مؤشر الالتزام الزمني],71)="متأخر",INDEX(tblDeliverables[المخرج],71),""),"") | R73: =IFERROR(IF(AND(INDEX(tblDeliverables[الأولوية],71)="عالية",INDEX(tblDeliverables[الحالة الحالية],71)<>"معتمد ونافذ",INDEX(tblDeliverables[المخرج],71)<>""),INDEX(tblDeliverables[المخرج],71),""),"") | S73: =IFERROR(IF(INDEX(tblMeetings[الحالة],71)="مفتوح",INDEX(tblMeetings[أهم القرارات],71),""),"") | T73: =IFERROR(IF(AND(INDEX(tblMeetings[تاريخ الاستحقاق],71)<>"",INDEX(tblMeetings[تاريخ الاستحقاق],71)>=TODAY(),INDEX(tblMeetings[تاريخ الاستحقاق],71)<=TODAY()+14,INDEX(tblMeetings[الحالة],71)<>"مغلق"),INDEX(tblMeetings[الإجراءات المطلوبة],71),""),"") | V73: =IF(Q73="",V72,IF(V72="",Q73,V72&"، "&Q73)) -> مصفوفة الصلاحيات الشاملة | W73: =IF(R73="",W72,IF(W72="",R73,W72&"، "&R73)) -> لائحة مجلس الإدارة، لائحة لجنة المراجعة، لائحة لجنة الترشيحات والمكافآت، مصفوفة الصلاحيات الشاملة، سياسة تعارض المصالح، سياسة إدارة المخاطر، سياسة الاستثمار والشركات التابعة، تطوير الاستراتيجية الشاملة للمجموعة، مؤشرات الأداء الاستراتيجية | X73: =IF(S73="",X72,IF(X72="",S73,X72&"، "&S73)) -> مراجعة حالة المخرجات المتأخرة، الموافقة على رفع لوائح اللجان للمجلس | Y73: =IF(T73="",Y72,IF(Y72="",T73,Y72&"، "&T73)) -> تسريع اعتماد مصفوفة الصلاحيات الشاملة، جدولة جلسة اعتماد لائحة مجلس الإدارة
Q74: =IFERROR(IF(INDEX(tblDeliverables[مؤشر الالتزام الزمني],72)="متأخر",INDEX(tblDeliverables[المخرج],72),""),"") | R74: =IFERROR(IF(AND(INDEX(tblDeliverables[الأولوية],72)="عالية",INDEX(tblDeliverables[الحالة الحالية],72)<>"معتمد ونافذ",INDEX(tblDeliverables[المخرج],72)<>""),INDEX(tblDeliverables[المخرج],72),""),"") | S74: =IFERROR(IF(INDEX(tblMeetings[الحالة],72)="مفتوح",INDEX(tblMeetings[أهم القرارات],72),""),"") | T74: =IFERROR(IF(AND(INDEX(tblMeetings[تاريخ الاستحقاق],72)<>"",INDEX(tblMeetings[تاريخ الاستحقاق],72)>=TODAY(),INDEX(tblMeetings[تاريخ الاستحقاق],72)<=TODAY()+14,INDEX(tblMeetings[الحالة],72)<>"مغلق"),INDEX(tblMeetings[الإجراءات المطلوبة],72),""),"") | V74: =IF(Q74="",V73,IF(V73="",Q74,V73&"، "&Q74)) -> مصفوفة الصلاحيات الشاملة | W74: =IF(R74="",W73,IF(W73="",R74,W73&"، "&R74)) -> لائحة مجلس الإدارة، لائحة لجنة المراجعة، لائحة لجنة الترشيحات والمكافآت، مصفوفة الصلاحيات الشاملة، سياسة تعارض المصالح، سياسة إدارة المخاطر، سياسة الاستثمار والشركات التابعة، تطوير الاستراتيجية الشاملة للمجموعة، مؤشرات الأداء الاستراتيجية | X74: =IF(S74="",X73,IF(X73="",S74,X73&"، "&S74)) -> مراجعة حالة المخرجات المتأخرة، الموافقة على رفع لوائح اللجان للمجلس | Y74: =IF(T74="",Y73,IF(Y73="",T74,Y73&"، "&T74)) -> تسريع اعتماد مصفوفة الصلاحيات الشاملة، جدولة جلسة اعتماد لائحة مجلس الإدارة
Q75: =IFERROR(IF(INDEX(tblDeliverables[مؤشر الالتزام الزمني],73)="متأخر",INDEX(tblDeliverables[المخرج],73),""),"") | R75: =IFERROR(IF(AND(INDEX(tblDeliverables[الأولوية],73)="عالية",INDEX(tblDeliverables[الحالة الحالية],73)<>"معتمد ونافذ",INDEX(tblDeliverables[المخرج],73)<>""),INDEX(tblDeliverables[المخرج],73),""),"") | S75: =IFERROR(IF(INDEX(tblMeetings[الحالة],73)="مفتوح",INDEX(tblMeetings[أهم القرارات],73),""),"") | T75: =IFERROR(IF(AND(INDEX(tblMeetings[تاريخ الاستحقاق],73)<>"",INDEX(tblMeetings[تاريخ الاستحقاق],73)>=TODAY(),INDEX(tblMeetings[تاريخ الاستحقاق],73)<=TODAY()+14,INDEX(tblMeetings[الحالة],73)<>"مغلق"),INDEX(tblMeetings[الإجراءات المطلوبة],73),""),"") | V75: =IF(Q75="",V74,IF(V74="",Q75,V74&"، "&Q75)) -> مصفوفة الصلاحيات الشاملة | W75: =IF(R75="",W74,IF(W74="",R75,W74&"، "&R75)) -> لائحة مجلس الإدارة، لائحة لجنة المراجعة، لائحة لجنة الترشيحات والمكافآت، مصفوفة الصلاحيات الشاملة، سياسة تعارض المصالح، سياسة إدارة المخاطر، سياسة الاستثمار والشركات التابعة، تطوير الاستراتيجية الشاملة للمجموعة، مؤشرات الأداء الاستراتيجية | X75: =IF(S75="",X74,IF(X74="",S75,X74&"، "&S75)) -> مراجعة حالة المخرجات المتأخرة، الموافقة على رفع لوائح اللجان للمجلس | Y75: =IF(T75="",Y74,IF(Y74="",T75,Y74&"، "&T75)) -> تسريع اعتماد مصفوفة الصلاحيات الشاملة، جدولة جلسة اعتماد لائحة مجلس الإدارة
Q76: =IFERROR(IF(INDEX(tblDeliverables[مؤشر الالتزام الزمني],74)="متأخر",INDEX(tblDeliverables[المخرج],74),""),"") | R76: =IFERROR(IF(AND(INDEX(tblDeliverables[الأولوية],74)="عالية",INDEX(tblDeliverables[الحالة الحالية],74)<>"معتمد ونافذ",INDEX(tblDeliverables[المخرج],74)<>""),INDEX(tblDeliverables[المخرج],74),""),"") | S76: =IFERROR(IF(INDEX(tblMeetings[الحالة],74)="مفتوح",INDEX(tblMeetings[أهم القرارات],74),""),"") | T76: =IFERROR(IF(AND(INDEX(tblMeetings[تاريخ الاستحقاق],74)<>"",INDEX(tblMeetings[تاريخ الاستحقاق],74)>=TODAY(),INDEX(tblMeetings[تاريخ الاستحقاق],74)<=TODAY()+14,INDEX(tblMeetings[الحالة],74)<>"مغلق"),INDEX(tblMeetings[الإجراءات المطلوبة],74),""),"") | V76: =IF(Q76="",V75,IF(V75="",Q76,V75&"، "&Q76)) -> مصفوفة الصلاحيات الشاملة | W76: =IF(R76="",W75,IF(W75="",R76,W75&"، "&R76)) -> لائحة مجلس الإدارة، لائحة لجنة المراجعة، لائحة لجنة الترشيحات والمكافآت، مصفوفة الصلاحيات الشاملة، سياسة تعارض المصالح، سياسة إدارة المخاطر، سياسة الاستثمار والشركات التابعة، تطوير الاستراتيجية الشاملة للمجموعة، مؤشرات الأداء الاستراتيجية | X76: =IF(S76="",X75,IF(X75="",S76,X75&"، "&S76)) -> مراجعة حالة المخرجات المتأخرة، الموافقة على رفع لوائح اللجان للمجلس | Y76: =IF(T76="",Y75,IF(Y75="",T76,Y75&"، "&T76)) -> تسريع اعتماد مصفوفة الصلاحيات الشاملة، جدولة جلسة اعتماد لائحة مجلس الإدارة
Q77: =IFERROR(IF(INDEX(tblDeliverables[مؤشر الالتزام الزمني],75)="متأخر",INDEX(tblDeliverables[المخرج],75),""),"") | R77: =IFERROR(IF(AND(INDEX(tblDeliverables[الأولوية],75)="عالية",INDEX(tblDeliverables[الحالة الحالية],75)<>"معتمد ونافذ",INDEX(tblDeliverables[المخرج],75)<>""),INDEX(tblDeliverables[المخرج],75),""),"") | S77: =IFERROR(IF(INDEX(tblMeetings[الحالة],75)="مفتوح",INDEX(tblMeetings[أهم القرارات],75),""),"") | T77: =IFERROR(IF(AND(INDEX(tblMeetings[تاريخ الاستحقاق],75)<>"",INDEX(tblMeetings[تاريخ الاستحقاق],75)>=TODAY(),INDEX(tblMeetings[تاريخ الاستحقاق],75)<=TODAY()+14,INDEX(tblMeetings[الحالة],75)<>"مغلق"),INDEX(tblMeetings[الإجراءات المطلوبة],75),""),"") | V77: =IF(Q77="",V76,IF(V76="",Q77,V76&"، "&Q77)) -> مصفوفة الصلاحيات الشاملة | W77: =IF(R77="",W76,IF(W76="",R77,W76&"، "&R77)) -> لائحة مجلس الإدارة، لائحة لجنة المراجعة، لائحة لجنة الترشيحات والمكافآت، مصفوفة الصلاحيات الشاملة، سياسة تعارض المصالح، سياسة إدارة المخاطر، سياسة الاستثمار والشركات التابعة، تطوير الاستراتيجية الشاملة للمجموعة، مؤشرات الأداء الاستراتيجية | X77: =IF(S77="",X76,IF(X76="",S77,X76&"، "&S77)) -> مراجعة حالة المخرجات المتأخرة، الموافقة على رفع لوائح اللجان للمجلس | Y77: =IF(T77="",Y76,IF(Y76="",T77,Y76&"، "&T77)) -> تسريع اعتماد مصفوفة الصلاحيات الشاملة، جدولة جلسة اعتماد لائحة مجلس الإدارة
Q78: =IFERROR(IF(INDEX(tblDeliverables[مؤشر الالتزام الزمني],76)="متأخر",INDEX(tblDeliverables[المخرج],76),""),"") | R78: =IFERROR(IF(AND(INDEX(tblDeliverables[الأولوية],76)="عالية",INDEX(tblDeliverables[الحالة الحالية],76)<>"معتمد ونافذ",INDEX(tblDeliverables[المخرج],76)<>""),INDEX(tblDeliverables[المخرج],76),""),"") | S78: =IFERROR(IF(INDEX(tblMeetings[الحالة],76)="مفتوح",INDEX(tblMeetings[أهم القرارات],76),""),"") | T78: =IFERROR(IF(AND(INDEX(tblMeetings[تاريخ الاستحقاق],76)<>"",INDEX(tblMeetings[تاريخ الاستحقاق],76)>=TODAY(),INDEX(tblMeetings[تاريخ الاستحقاق],76)<=TODAY()+14,INDEX(tblMeetings[الحالة],76)<>"مغلق"),INDEX(tblMeetings[الإجراءات المطلوبة],76),""),"") | V78: =IF(Q78="",V77,IF(V77="",Q78,V77&"، "&Q78)) -> مصفوفة الصلاحيات الشاملة | W78: =IF(R78="",W77,IF(W77="",R78,W77&"، "&R78)) -> لائحة مجلس الإدارة، لائحة لجنة المراجعة، لائحة لجنة الترشيحات والمكافآت، مصفوفة الصلاحيات الشاملة، سياسة تعارض المصالح، سياسة إدارة المخاطر، سياسة الاستثمار والشركات التابعة، تطوير الاستراتيجية الشاملة للمجموعة، مؤشرات الأداء الاستراتيجية | X78: =IF(S78="",X77,IF(X77="",S78,X77&"، "&S78)) -> مراجعة حالة المخرجات المتأخرة، الموافقة على رفع لوائح اللجان للمجلس | Y78: =IF(T78="",Y77,IF(Y77="",T78,Y77&"، "&T78)) -> تسريع اعتماد مصفوفة الصلاحيات الشاملة، جدولة جلسة اعتماد لائحة مجلس الإدارة
Q79: =IFERROR(IF(INDEX(tblDeliverables[مؤشر الالتزام الزمني],77)="متأخر",INDEX(tblDeliverables[المخرج],77),""),"") | R79: =IFERROR(IF(AND(INDEX(tblDeliverables[الأولوية],77)="عالية",INDEX(tblDeliverables[الحالة الحالية],77)<>"معتمد ونافذ",INDEX(tblDeliverables[المخرج],77)<>""),INDEX(tblDeliverables[المخرج],77),""),"") | S79: =IFERROR(IF(INDEX(tblMeetings[الحالة],77)="مفتوح",INDEX(tblMeetings[أهم القرارات],77),""),"") | T79: =IFERROR(IF(AND(INDEX(tblMeetings[تاريخ الاستحقاق],77)<>"",INDEX(tblMeetings[تاريخ الاستحقاق],77)>=TODAY(),INDEX(tblMeetings[تاريخ الاستحقاق],77)<=TODAY()+14,INDEX(tblMeetings[الحالة],77)<>"مغلق"),INDEX(tblMeetings[الإجراءات المطلوبة],77),""),"") | V79: =IF(Q79="",V78,IF(V78="",Q79,V78&"، "&Q79)) -> مصفوفة الصلاحيات الشاملة | W79: =IF(R79="",W78,IF(W78="",R79,W78&"، "&R79)) -> لائحة مجلس الإدارة، لائحة لجنة المراجعة، لائحة لجنة الترشيحات والمكافآت، مصفوفة الصلاحيات الشاملة، سياسة تعارض المصالح، سياسة إدارة المخاطر، سياسة الاستثمار والشركات التابعة، تطوير الاستراتيجية الشاملة للمجموعة، مؤشرات الأداء الاستراتيجية | X79: =IF(S79="",X78,IF(X78="",S79,X78&"، "&S79)) -> مراجعة حالة المخرجات المتأخرة، الموافقة على رفع لوائح اللجان للمجلس | Y79: =IF(T79="",Y78,IF(Y78="",T79,Y78&"، "&T79)) -> تسريع اعتماد مصفوفة الصلاحيات الشاملة، جدولة جلسة اعتماد لائحة مجلس الإدارة
Q80: =IFERROR(IF(INDEX(tblDeliverables[مؤشر الالتزام الزمني],78)="متأخر",INDEX(tblDeliverables[المخرج],78),""),"") | R80: =IFERROR(IF(AND(INDEX(tblDeliverables[الأولوية],78)="عالية",INDEX(tblDeliverables[الحالة الحالية],78)<>"معتمد ونافذ",INDEX(tblDeliverables[المخرج],78)<>""),INDEX(tblDeliverables[المخرج],78),""),"") | S80: =IFERROR(IF(INDEX(tblMeetings[الحالة],78)="مفتوح",INDEX(tblMeetings[أهم القرارات],78),""),"") | T80: =IFERROR(IF(AND(INDEX(tblMeetings[تاريخ الاستحقاق],78)<>"",INDEX(tblMeetings[تاريخ الاستحقاق],78)>=TODAY(),INDEX(tblMeetings[تاريخ الاستحقاق],78)<=TODAY()+14,INDEX(tblMeetings[الحالة],78)<>"مغلق"),INDEX(tblMeetings[الإجراءات المطلوبة],78),""),"") | V80: =IF(Q80="",V79,IF(V79="",Q80,V79&"، "&Q80)) -> مصفوفة الصلاحيات الشاملة | W80: =IF(R80="",W79,IF(W79="",R80,W79&"، "&R80)) -> لائحة مجلس الإدارة، لائحة لجنة المراجعة، لائحة لجنة الترشيحات والمكافآت، مصفوفة الصلاحيات الشاملة، سياسة تعارض المصالح، سياسة إدارة المخاطر، سياسة الاستثمار والشركات التابعة، تطوير الاستراتيجية الشاملة للمجموعة، مؤشرات الأداء الاستراتيجية | X80: =IF(S80="",X79,IF(X79="",S80,X79&"، "&S80)) -> مراجعة حالة المخرجات المتأخرة، الموافقة على رفع لوائح اللجان للمجلس | Y80: =IF(T80="",Y79,IF(Y79="",T80,Y79&"، "&T80)) -> تسريع اعتماد مصفوفة الصلاحيات الشاملة، جدولة جلسة اعتماد لائحة مجلس الإدارة
Q81: =IFERROR(IF(INDEX(tblDeliverables[مؤشر الالتزام الزمني],79)="متأخر",INDEX(tblDeliverables[المخرج],79),""),"") | R81: =IFERROR(IF(AND(INDEX(tblDeliverables[الأولوية],79)="عالية",INDEX(tblDeliverables[الحالة الحالية],79)<>"معتمد ونافذ",INDEX(tblDeliverables[المخرج],79)<>""),INDEX(tblDeliverables[المخرج],79),""),"") | S81: =IFERROR(IF(INDEX(tblMeetings[الحالة],79)="مفتوح",INDEX(tblMeetings[أهم القرارات],79),""),"") | T81: =IFERROR(IF(AND(INDEX(tblMeetings[تاريخ الاستحقاق],79)<>"",INDEX(tblMeetings[تاريخ الاستحقاق],79)>=TODAY(),INDEX(tblMeetings[تاريخ الاستحقاق],79)<=TODAY()+14,INDEX(tblMeetings[الحالة],79)<>"مغلق"),INDEX(tblMeetings[الإجراءات المطلوبة],79),""),"") | V81: =IF(Q81="",V80,IF(V80="",Q81,V80&"، "&Q81)) -> مصفوفة الصلاحيات الشاملة | W81: =IF(R81="",W80,IF(W80="",R81,W80&"، "&R81)) -> لائحة مجلس الإدارة، لائحة لجنة المراجعة، لائحة لجنة الترشيحات والمكافآت، مصفوفة الصلاحيات الشاملة، سياسة تعارض المصالح، سياسة إدارة المخاطر، سياسة الاستثمار والشركات التابعة، تطوير الاستراتيجية الشاملة للمجموعة، مؤشرات الأداء الاستراتيجية | X81: =IF(S81="",X80,IF(X80="",S81,X80&"، "&S81)) -> مراجعة حالة المخرجات المتأخرة، الموافقة على رفع لوائح اللجان للمجلس | Y81: =IF(T81="",Y80,IF(Y80="",T81,Y80&"، "&T81)) -> تسريع اعتماد مصفوفة الصلاحيات الشاملة، جدولة جلسة اعتماد لائحة مجلس الإدارة
Q82: =IFERROR(IF(INDEX(tblDeliverables[مؤشر الالتزام الزمني],80)="متأخر",INDEX(tblDeliverables[المخرج],80),""),"") | R82: =IFERROR(IF(AND(INDEX(tblDeliverables[الأولوية],80)="عالية",INDEX(tblDeliverables[الحالة الحالية],80)<>"معتمد ونافذ",INDEX(tblDeliverables[المخرج],80)<>""),INDEX(tblDeliverables[المخرج],80),""),"") | S82: =IFERROR(IF(INDEX(tblMeetings[الحالة],80)="مفتوح",INDEX(tblMeetings[أهم القرارات],80),""),"") | T82: =IFERROR(IF(AND(INDEX(tblMeetings[تاريخ الاستحقاق],80)<>"",INDEX(tblMeetings[تاريخ الاستحقاق],80)>=TODAY(),INDEX(tblMeetings[تاريخ الاستحقاق],80)<=TODAY()+14,INDEX(tblMeetings[الحالة],80)<>"مغلق"),INDEX(tblMeetings[الإجراءات المطلوبة],80),""),"") | V82: =IF(Q82="",V81,IF(V81="",Q82,V81&"، "&Q82)) -> مصفوفة الصلاحيات الشاملة | W82: =IF(R82="",W81,IF(W81="",R82,W81&"، "&R82)) -> لائحة مجلس الإدارة، لائحة لجنة المراجعة، لائحة لجنة الترشيحات والمكافآت، مصفوفة الصلاحيات الشاملة، سياسة تعارض المصالح، سياسة إدارة المخاطر، سياسة الاستثمار والشركات التابعة، تطوير الاستراتيجية الشاملة للمجموعة، مؤشرات الأداء الاستراتيجية | X82: =IF(S82="",X81,IF(X81="",S82,X81&"، "&S82)) -> مراجعة حالة المخرجات المتأخرة، الموافقة على رفع لوائح اللجان للمجلس | Y82: =IF(T82="",Y81,IF(Y81="",T82,Y81&"، "&T82)) -> تسريع اعتماد مصفوفة الصلاحيات الشاملة، جدولة جلسة اعتماد لائحة مجلس الإدارة
Q83: =IFERROR(IF(INDEX(tblDeliverables[مؤشر الالتزام الزمني],81)="متأخر",INDEX(tblDeliverables[المخرج],81),""),"") | R83: =IFERROR(IF(AND(INDEX(tblDeliverables[الأولوية],81)="عالية",INDEX(tblDeliverables[الحالة الحالية],81)<>"معتمد ونافذ",INDEX(tblDeliverables[المخرج],81)<>""),INDEX(tblDeliverables[المخرج],81),""),"") | S83: =IFERROR(IF(INDEX(tblMeetings[الحالة],81)="مفتوح",INDEX(tblMeetings[أهم القرارات],81),""),"") | T83: =IFERROR(IF(AND(INDEX(tblMeetings[تاريخ الاستحقاق],81)<>"",INDEX(tblMeetings[تاريخ الاستحقاق],81)>=TODAY(),INDEX(tblMeetings[تاريخ الاستحقاق],81)<=TODAY()+14,INDEX(tblMeetings[الحالة],81)<>"مغلق"),INDEX(tblMeetings[الإجراءات المطلوبة],81),""),"") | V83: =IF(Q83="",V82,IF(V82="",Q83,V82&"، "&Q83)) -> مصفوفة الصلاحيات الشاملة | W83: =IF(R83="",W82,IF(W82="",R83,W82&"، "&R83)) -> لائحة مجلس الإدارة، لائحة لجنة المراجعة، لائحة لجنة الترشيحات والمكافآت، مصفوفة الصلاحيات الشاملة، سياسة تعارض المصالح، سياسة إدارة المخاطر، سياسة الاستثمار والشركات التابعة، تطوير الاستراتيجية الشاملة للمجموعة، مؤشرات الأداء الاستراتيجية | X83: =IF(S83="",X82,IF(X82="",S83,X82&"، "&S83)) -> مراجعة حالة المخرجات المتأخرة، الموافقة على رفع لوائح اللجان للمجلس | Y83: =IF(T83="",Y82,IF(Y82="",T83,Y82&"، "&T83)) -> تسريع اعتماد مصفوفة الصلاحيات الشاملة، جدولة جلسة اعتماد لائحة مجلس الإدارة
Q84: =IFERROR(IF(INDEX(tblDeliverables[مؤشر الالتزام الزمني],82)="متأخر",INDEX(tblDeliverables[المخرج],82),""),"") | R84: =IFERROR(IF(AND(INDEX(tblDeliverables[الأولوية],82)="عالية",INDEX(tblDeliverables[الحالة الحالية],82)<>"معتمد ونافذ",INDEX(tblDeliverables[المخرج],82)<>""),INDEX(tblDeliverables[المخرج],82),""),"") | S84: =IFERROR(IF(INDEX(tblMeetings[الحالة],82)="مفتوح",INDEX(tblMeetings[أهم القرارات],82),""),"") | T84: =IFERROR(IF(AND(INDEX(tblMeetings[تاريخ الاستحقاق],82)<>"",INDEX(tblMeetings[تاريخ الاستحقاق],82)>=TODAY(),INDEX(tblMeetings[تاريخ الاستحقاق],82)<=TODAY()+14,INDEX(tblMeetings[الحالة],82)<>"مغلق"),INDEX(tblMeetings[الإجراءات المطلوبة],82),""),"") | V84: =IF(Q84="",V83,IF(V83="",Q84,V83&"، "&Q84)) -> مصفوفة الصلاحيات الشاملة | W84: =IF(R84="",W83,IF(W83="",R84,W83&"، "&R84)) -> لائحة مجلس الإدارة، لائحة لجنة المراجعة، لائحة لجنة الترشيحات والمكافآت، مصفوفة الصلاحيات الشاملة، سياسة تعارض المصالح، سياسة إدارة المخاطر، سياسة الاستثمار والشركات التابعة، تطوير الاستراتيجية الشاملة للمجموعة، مؤشرات الأداء الاستراتيجية | X84: =IF(S84="",X83,IF(X83="",S84,X83&"، "&S84)) -> مراجعة حالة المخرجات المتأخرة، الموافقة على رفع لوائح اللجان للمجلس | Y84: =IF(T84="",Y83,IF(Y83="",T84,Y83&"، "&T84)) -> تسريع اعتماد مصفوفة الصلاحيات الشاملة، جدولة جلسة اعتماد لائحة مجلس الإدارة
Q85: =IFERROR(IF(INDEX(tblDeliverables[مؤشر الالتزام الزمني],83)="متأخر",INDEX(tblDeliverables[المخرج],83),""),"") | R85: =IFERROR(IF(AND(INDEX(tblDeliverables[الأولوية],83)="عالية",INDEX(tblDeliverables[الحالة الحالية],83)<>"معتمد ونافذ",INDEX(tblDeliverables[المخرج],83)<>""),INDEX(tblDeliverables[المخرج],83),""),"") | S85: =IFERROR(IF(INDEX(tblMeetings[الحالة],83)="مفتوح",INDEX(tblMeetings[أهم القرارات],83),""),"") | T85: =IFERROR(IF(AND(INDEX(tblMeetings[تاريخ الاستحقاق],83)<>"",INDEX(tblMeetings[تاريخ الاستحقاق],83)>=TODAY(),INDEX(tblMeetings[تاريخ الاستحقاق],83)<=TODAY()+14,INDEX(tblMeetings[الحالة],83)<>"مغلق"),INDEX(tblMeetings[الإجراءات المطلوبة],83),""),"") | V85: =IF(Q85="",V84,IF(V84="",Q85,V84&"، "&Q85)) -> مصفوفة الصلاحيات الشاملة | W85: =IF(R85="",W84,IF(W84="",R85,W84&"، "&R85)) -> لائحة مجلس الإدارة، لائحة لجنة المراجعة، لائحة لجنة الترشيحات والمكافآت، مصفوفة الصلاحيات الشاملة، سياسة تعارض المصالح، سياسة إدارة المخاطر، سياسة الاستثمار والشركات التابعة، تطوير الاستراتيجية الشاملة للمجموعة، مؤشرات الأداء الاستراتيجية | X85: =IF(S85="",X84,IF(X84="",S85,X84&"، "&S85)) -> مراجعة حالة المخرجات المتأخرة، الموافقة على رفع لوائح اللجان للمجلس | Y85: =IF(T85="",Y84,IF(Y84="",T85,Y84&"، "&T85)) -> تسريع اعتماد مصفوفة الصلاحيات الشاملة، جدولة جلسة اعتماد لائحة مجلس الإدارة
Q86: =IFERROR(IF(INDEX(tblDeliverables[مؤشر الالتزام الزمني],84)="متأخر",INDEX(tblDeliverables[المخرج],84),""),"") | R86: =IFERROR(IF(AND(INDEX(tblDeliverables[الأولوية],84)="عالية",INDEX(tblDeliverables[الحالة الحالية],84)<>"معتمد ونافذ",INDEX(tblDeliverables[المخرج],84)<>""),INDEX(tblDeliverables[المخرج],84),""),"") | S86: =IFERROR(IF(INDEX(tblMeetings[الحالة],84)="مفتوح",INDEX(tblMeetings[أهم القرارات],84),""),"") | T86: =IFERROR(IF(AND(INDEX(tblMeetings[تاريخ الاستحقاق],84)<>"",INDEX(tblMeetings[تاريخ الاستحقاق],84)>=TODAY(),INDEX(tblMeetings[تاريخ الاستحقاق],84)<=TODAY()+14,INDEX(tblMeetings[الحالة],84)<>"مغلق"),INDEX(tblMeetings[الإجراءات المطلوبة],84),""),"") | V86: =IF(Q86="",V85,IF(V85="",Q86,V85&"، "&Q86)) -> مصفوفة الصلاحيات الشاملة | W86: =IF(R86="",W85,IF(W85="",R86,W85&"، "&R86)) -> لائحة مجلس الإدارة، لائحة لجنة المراجعة، لائحة لجنة الترشيحات والمكافآت، مصفوفة الصلاحيات الشاملة، سياسة تعارض المصالح، سياسة إدارة المخاطر، سياسة الاستثمار والشركات التابعة، تطوير الاستراتيجية الشاملة للمجموعة، مؤشرات الأداء الاستراتيجية | X86: =IF(S86="",X85,IF(X85="",S86,X85&"، "&S86)) -> مراجعة حالة المخرجات المتأخرة، الموافقة على رفع لوائح اللجان للمجلس | Y86: =IF(T86="",Y85,IF(Y85="",T86,Y85&"، "&T86)) -> تسريع اعتماد مصفوفة الصلاحيات الشاملة، جدولة جلسة اعتماد لائحة مجلس الإدارة
Q87: =IFERROR(IF(INDEX(tblDeliverables[مؤشر الالتزام الزمني],85)="متأخر",INDEX(tblDeliverables[المخرج],85),""),"") | R87: =IFERROR(IF(AND(INDEX(tblDeliverables[الأولوية],85)="عالية",INDEX(tblDeliverables[الحالة الحالية],85)<>"معتمد ونافذ",INDEX(tblDeliverables[المخرج],85)<>""),INDEX(tblDeliverables[المخرج],85),""),"") | S87: =IFERROR(IF(INDEX(tblMeetings[الحالة],85)="مفتوح",INDEX(tblMeetings[أهم القرارات],85),""),"") | T87: =IFERROR(IF(AND(INDEX(tblMeetings[تاريخ الاستحقاق],85)<>"",INDEX(tblMeetings[تاريخ الاستحقاق],85)>=TODAY(),INDEX(tblMeetings[تاريخ الاستحقاق],85)<=TODAY()+14,INDEX(tblMeetings[الحالة],85)<>"مغلق"),INDEX(tblMeetings[الإجراءات المطلوبة],85),""),"") | V87: =IF(Q87="",V86,IF(V86="",Q87,V86&"، "&Q87)) -> مصفوفة الصلاحيات الشاملة | W87: =IF(R87="",W86,IF(W86="",R87,W86&"، "&R87)) -> لائحة مجلس الإدارة، لائحة لجنة المراجعة، لائحة لجنة الترشيحات والمكافآت، مصفوفة الصلاحيات الشاملة، سياسة تعارض المصالح، سياسة إدارة المخاطر، سياسة الاستثمار والشركات التابعة، تطوير الاستراتيجية الشاملة للمجموعة، مؤشرات الأداء الاستراتيجية | X87: =IF(S87="",X86,IF(X86="",S87,X86&"، "&S87)) -> مراجعة حالة المخرجات المتأخرة، الموافقة على رفع لوائح اللجان للمجلس | Y87: =IF(T87="",Y86,IF(Y86="",T87,Y86&"، "&T87)) -> تسريع اعتماد مصفوفة الصلاحيات الشاملة، جدولة جلسة اعتماد لائحة مجلس الإدارة
Q88: =IFERROR(IF(INDEX(tblDeliverables[مؤشر الالتزام الزمني],86)="متأخر",INDEX(tblDeliverables[المخرج],86),""),"") | R88: =IFERROR(IF(AND(INDEX(tblDeliverables[الأولوية],86)="عالية",INDEX(tblDeliverables[الحالة الحالية],86)<>"معتمد ونافذ",INDEX(tblDeliverables[المخرج],86)<>""),INDEX(tblDeliverables[المخرج],86),""),"") | S88: =IFERROR(IF(INDEX(tblMeetings[الحالة],86)="مفتوح",INDEX(tblMeetings[أهم القرارات],86),""),"") | T88: =IFERROR(IF(AND(INDEX(tblMeetings[تاريخ الاستحقاق],86)<>"",INDEX(tblMeetings[تاريخ الاستحقاق],86)>=TODAY(),INDEX(tblMeetings[تاريخ الاستحقاق],86)<=TODAY()+14,INDEX(tblMeetings[الحالة],86)<>"مغلق"),INDEX(tblMeetings[الإجراءات المطلوبة],86),""),"") | V88: =IF(Q88="",V87,IF(V87="",Q88,V87&"، "&Q88)) -> مصفوفة الصلاحيات الشاملة | W88: =IF(R88="",W87,IF(W87="",R88,W87&"، "&R88)) -> لائحة مجلس الإدارة، لائحة لجنة المراجعة، لائحة لجنة الترشيحات والمكافآت، مصفوفة الصلاحيات الشاملة، سياسة تعارض المصالح، سياسة إدارة المخاطر، سياسة الاستثمار والشركات التابعة، تطوير الاستراتيجية الشاملة للمجموعة، مؤشرات الأداء الاستراتيجية | X88: =IF(S88="",X87,IF(X87="",S88,X87&"، "&S88)) -> مراجعة حالة المخرجات المتأخرة، الموافقة على رفع لوائح اللجان للمجلس | Y88: =IF(T88="",Y87,IF(Y87="",T88,Y87&"، "&T88)) -> تسريع اعتماد مصفوفة الصلاحيات الشاملة، جدولة جلسة اعتماد لائحة مجلس الإدارة
Q89: =IFERROR(IF(INDEX(tblDeliverables[مؤشر الالتزام الزمني],87)="متأخر",INDEX(tblDeliverables[المخرج],87),""),"") | R89: =IFERROR(IF(AND(INDEX(tblDeliverables[الأولوية],87)="عالية",INDEX(tblDeliverables[الحالة الحالية],87)<>"معتمد ونافذ",INDEX(tblDeliverables[المخرج],87)<>""),INDEX(tblDeliverables[المخرج],87),""),"") | S89: =IFERROR(IF(INDEX(tblMeetings[الحالة],87)="مفتوح",INDEX(tblMeetings[أهم القرارات],87),""),"") | T89: =IFERROR(IF(AND(INDEX(tblMeetings[تاريخ الاستحقاق],87)<>"",INDEX(tblMeetings[تاريخ الاستحقاق],87)>=TODAY(),INDEX(tblMeetings[تاريخ الاستحقاق],87)<=TODAY()+14,INDEX(tblMeetings[الحالة],87)<>"مغلق"),INDEX(tblMeetings[الإجراءات المطلوبة],87),""),"") | V89: =IF(Q89="",V88,IF(V88="",Q89,V88&"، "&Q89)) -> مصفوفة الصلاحيات الشاملة | W89: =IF(R89="",W88,IF(W88="",R89,W88&"، "&R89)) -> لائحة مجلس الإدارة، لائحة لجنة المراجعة، لائحة لجنة الترشيحات والمكافآت، مصفوفة الصلاحيات الشاملة، سياسة تعارض المصالح، سياسة إدارة المخاطر، سياسة الاستثمار والشركات التابعة، تطوير الاستراتيجية الشاملة للمجموعة، مؤشرات الأداء الاستراتيجية | X89: =IF(S89="",X88,IF(X88="",S89,X88&"، "&S89)) -> مراجعة حالة المخرجات المتأخرة، الموافقة على رفع لوائح اللجان للمجلس | Y89: =IF(T89="",Y88,IF(Y88="",T89,Y88&"، "&T89)) -> تسريع اعتماد مصفوفة الصلاحيات الشاملة، جدولة جلسة اعتماد لائحة مجلس الإدارة
Q90: =IFERROR(IF(INDEX(tblDeliverables[مؤشر الالتزام الزمني],88)="متأخر",INDEX(tblDeliverables[المخرج],88),""),"") | R90: =IFERROR(IF(AND(INDEX(tblDeliverables[الأولوية],88)="عالية",INDEX(tblDeliverables[الحالة الحالية],88)<>"معتمد ونافذ",INDEX(tblDeliverables[المخرج],88)<>""),INDEX(tblDeliverables[المخرج],88),""),"") | S90: =IFERROR(IF(INDEX(tblMeetings[الحالة],88)="مفتوح",INDEX(tblMeetings[أهم القرارات],88),""),"") | T90: =IFERROR(IF(AND(INDEX(tblMeetings[تاريخ الاستحقاق],88)<>"",INDEX(tblMeetings[تاريخ الاستحقاق],88)>=TODAY(),INDEX(tblMeetings[تاريخ الاستحقاق],88)<=TODAY()+14,INDEX(tblMeetings[الحالة],88)<>"مغلق"),INDEX(tblMeetings[الإجراءات المطلوبة],88),""),"") | V90: =IF(Q90="",V89,IF(V89="",Q90,V89&"، "&Q90)) -> مصفوفة الصلاحيات الشاملة | W90: =IF(R90="",W89,IF(W89="",R90,W89&"، "&R90)) -> لائحة مجلس الإدارة، لائحة لجنة المراجعة، لائحة لجنة الترشيحات والمكافآت، مصفوفة الصلاحيات الشاملة، سياسة تعارض المصالح، سياسة إدارة المخاطر، سياسة الاستثمار والشركات التابعة، تطوير الاستراتيجية الشاملة للمجموعة، مؤشرات الأداء الاستراتيجية | X90: =IF(S90="",X89,IF(X89="",S90,X89&"، "&S90)) -> مراجعة حالة المخرجات المتأخرة، الموافقة على رفع لوائح اللجان للمجلس | Y90: =IF(T90="",Y89,IF(Y89="",T90,Y89&"، "&T90)) -> تسريع اعتماد مصفوفة الصلاحيات الشاملة، جدولة جلسة اعتماد لائحة مجلس الإدارة
Q91: =IFERROR(IF(INDEX(tblDeliverables[مؤشر الالتزام الزمني],89)="متأخر",INDEX(tblDeliverables[المخرج],89),""),"") | R91: =IFERROR(IF(AND(INDEX(tblDeliverables[الأولوية],89)="عالية",INDEX(tblDeliverables[الحالة الحالية],89)<>"معتمد ونافذ",INDEX(tblDeliverables[المخرج],89)<>""),INDEX(tblDeliverables[المخرج],89),""),"") | S91: =IFERROR(IF(INDEX(tblMeetings[الحالة],89)="مفتوح",INDEX(tblMeetings[أهم القرارات],89),""),"") | T91: =IFERROR(IF(AND(INDEX(tblMeetings[تاريخ الاستحقاق],89)<>"",INDEX(tblMeetings[تاريخ الاستحقاق],89)>=TODAY(),INDEX(tblMeetings[تاريخ الاستحقاق],89)<=TODAY()+14,INDEX(tblMeetings[الحالة],89)<>"مغلق"),INDEX(tblMeetings[الإجراءات المطلوبة],89),""),"") | V91: =IF(Q91="",V90,IF(V90="",Q91,V90&"، "&Q91)) -> مصفوفة الصلاحيات الشاملة | W91: =IF(R91="",W90,IF(W90="",R91,W90&"، "&R91)) -> لائحة مجلس الإدارة، لائحة لجنة المراجعة، لائحة لجنة الترشيحات والمكافآت، مصفوفة الصلاحيات الشاملة، سياسة تعارض المصالح، سياسة إدارة المخاطر، سياسة الاستثمار والشركات التابعة، تطوير الاستراتيجية الشاملة للمجموعة، مؤشرات الأداء الاستراتيجية | X91: =IF(S91="",X90,IF(X90="",S91,X90&"، "&S91)) -> مراجعة حالة المخرجات المتأخرة، الموافقة على رفع لوائح اللجان للمجلس | Y91: =IF(T91="",Y90,IF(Y90="",T91,Y90&"، "&T91)) -> تسريع اعتماد مصفوفة الصلاحيات الشاملة، جدولة جلسة اعتماد لائحة مجلس الإدارة
Q92: =IFERROR(IF(INDEX(tblDeliverables[مؤشر الالتزام الزمني],90)="متأخر",INDEX(tblDeliverables[المخرج],90),""),"") | R92: =IFERROR(IF(AND(INDEX(tblDeliverables[الأولوية],90)="عالية",INDEX(tblDeliverables[الحالة الحالية],90)<>"معتمد ونافذ",INDEX(tblDeliverables[المخرج],90)<>""),INDEX(tblDeliverables[المخرج],90),""),"") | S92: =IFERROR(IF(INDEX(tblMeetings[الحالة],90)="مفتوح",INDEX(tblMeetings[أهم القرارات],90),""),"") | T92: =IFERROR(IF(AND(INDEX(tblMeetings[تاريخ الاستحقاق],90)<>"",INDEX(tblMeetings[تاريخ الاستحقاق],90)>=TODAY(),INDEX(tblMeetings[تاريخ الاستحقاق],90)<=TODAY()+14,INDEX(tblMeetings[الحالة],90)<>"مغلق"),INDEX(tblMeetings[الإجراءات المطلوبة],90),""),"") | V92: =IF(Q92="",V91,IF(V91="",Q92,V91&"، "&Q92)) -> مصفوفة الصلاحيات الشاملة | W92: =IF(R92="",W91,IF(W91="",R92,W91&"، "&R92)) -> لائحة مجلس الإدارة، لائحة لجنة المراجعة، لائحة لجنة الترشيحات والمكافآت، مصفوفة الصلاحيات الشاملة، سياسة تعارض المصالح، سياسة إدارة المخاطر، سياسة الاستثمار والشركات التابعة، تطوير الاستراتيجية الشاملة للمجموعة، مؤشرات الأداء الاستراتيجية | X92: =IF(S92="",X91,IF(X91="",S92,X91&"، "&S92)) -> مراجعة حالة المخرجات المتأخرة، الموافقة على رفع لوائح اللجان للمجلس | Y92: =IF(T92="",Y91,IF(Y91="",T92,Y91&"، "&T92)) -> تسريع اعتماد مصفوفة الصلاحيات الشاملة، جدولة جلسة اعتماد لائحة مجلس الإدارة
Q93: =IFERROR(IF(INDEX(tblDeliverables[مؤشر الالتزام الزمني],91)="متأخر",INDEX(tblDeliverables[المخرج],91),""),"") | R93: =IFERROR(IF(AND(INDEX(tblDeliverables[الأولوية],91)="عالية",INDEX(tblDeliverables[الحالة الحالية],91)<>"معتمد ونافذ",INDEX(tblDeliverables[المخرج],91)<>""),INDEX(tblDeliverables[المخرج],91),""),"") | S93: =IFERROR(IF(INDEX(tblMeetings[الحالة],91)="مفتوح",INDEX(tblMeetings[أهم القرارات],91),""),"") | T93: =IFERROR(IF(AND(INDEX(tblMeetings[تاريخ الاستحقاق],91)<>"",INDEX(tblMeetings[تاريخ الاستحقاق],91)>=TODAY(),INDEX(tblMeetings[تاريخ الاستحقاق],91)<=TODAY()+14,INDEX(tblMeetings[الحالة],91)<>"مغلق"),INDEX(tblMeetings[الإجراءات المطلوبة],91),""),"") | V93: =IF(Q93="",V92,IF(V92="",Q93,V92&"، "&Q93)) -> مصفوفة الصلاحيات الشاملة | W93: =IF(R93="",W92,IF(W92="",R93,W92&"، "&R93)) -> لائحة مجلس الإدارة، لائحة لجنة المراجعة، لائحة لجنة الترشيحات والمكافآت، مصفوفة الصلاحيات الشاملة، سياسة تعارض المصالح، سياسة إدارة المخاطر، سياسة الاستثمار والشركات التابعة، تطوير الاستراتيجية الشاملة للمجموعة، مؤشرات الأداء الاستراتيجية | X93: =IF(S93="",X92,IF(X92="",S93,X92&"، "&S93)) -> مراجعة حالة المخرجات المتأخرة، الموافقة على رفع لوائح اللجان للمجلس | Y93: =IF(T93="",Y92,IF(Y92="",T93,Y92&"، "&T93)) -> تسريع اعتماد مصفوفة الصلاحيات الشاملة، جدولة جلسة اعتماد لائحة مجلس الإدارة
Q94: =IFERROR(IF(INDEX(tblDeliverables[مؤشر الالتزام الزمني],92)="متأخر",INDEX(tblDeliverables[المخرج],92),""),"") | R94: =IFERROR(IF(AND(INDEX(tblDeliverables[الأولوية],92)="عالية",INDEX(tblDeliverables[الحالة الحالية],92)<>"معتمد ونافذ",INDEX(tblDeliverables[المخرج],92)<>""),INDEX(tblDeliverables[المخرج],92),""),"") | S94: =IFERROR(IF(INDEX(tblMeetings[الحالة],92)="مفتوح",INDEX(tblMeetings[أهم القرارات],92),""),"") | T94: =IFERROR(IF(AND(INDEX(tblMeetings[تاريخ الاستحقاق],92)<>"",INDEX(tblMeetings[تاريخ الاستحقاق],92)>=TODAY(),INDEX(tblMeetings[تاريخ الاستحقاق],92)<=TODAY()+14,INDEX(tblMeetings[الحالة],92)<>"مغلق"),INDEX(tblMeetings[الإجراءات المطلوبة],92),""),"") | V94: =IF(Q94="",V93,IF(V93="",Q94,V93&"، "&Q94)) -> مصفوفة الصلاحيات الشاملة | W94: =IF(R94="",W93,IF(W93="",R94,W93&"، "&R94)) -> لائحة مجلس الإدارة، لائحة لجنة المراجعة، لائحة لجنة الترشيحات والمكافآت، مصفوفة الصلاحيات الشاملة، سياسة تعارض المصالح، سياسة إدارة المخاطر، سياسة الاستثمار والشركات التابعة، تطوير الاستراتيجية الشاملة للمجموعة، مؤشرات الأداء الاستراتيجية | X94: =IF(S94="",X93,IF(X93="",S94,X93&"، "&S94)) -> مراجعة حالة المخرجات المتأخرة، الموافقة على رفع لوائح اللجان للمجلس | Y94: =IF(T94="",Y93,IF(Y93="",T94,Y93&"، "&T94)) -> تسريع اعتماد مصفوفة الصلاحيات الشاملة، جدولة جلسة اعتماد لائحة مجلس الإدارة
Q95: =IFERROR(IF(INDEX(tblDeliverables[مؤشر الالتزام الزمني],93)="متأخر",INDEX(tblDeliverables[المخرج],93),""),"") | R95: =IFERROR(IF(AND(INDEX(tblDeliverables[الأولوية],93)="عالية",INDEX(tblDeliverables[الحالة الحالية],93)<>"معتمد ونافذ",INDEX(tblDeliverables[المخرج],93)<>""),INDEX(tblDeliverables[المخرج],93),""),"") | S95: =IFERROR(IF(INDEX(tblMeetings[الحالة],93)="مفتوح",INDEX(tblMeetings[أهم القرارات],93),""),"") | T95: =IFERROR(IF(AND(INDEX(tblMeetings[تاريخ الاستحقاق],93)<>"",INDEX(tblMeetings[تاريخ الاستحقاق],93)>=TODAY(),INDEX(tblMeetings[تاريخ الاستحقاق],93)<=TODAY()+14,INDEX(tblMeetings[الحالة],93)<>"مغلق"),INDEX(tblMeetings[الإجراءات المطلوبة],93),""),"") | V95: =IF(Q95="",V94,IF(V94="",Q95,V94&"، "&Q95)) -> مصفوفة الصلاحيات الشاملة | W95: =IF(R95="",W94,IF(W94="",R95,W94&"، "&R95)) -> لائحة مجلس الإدارة، لائحة لجنة المراجعة، لائحة لجنة الترشيحات والمكافآت، مصفوفة الصلاحيات الشاملة، سياسة تعارض المصالح، سياسة إدارة المخاطر، سياسة الاستثمار والشركات التابعة، تطوير الاستراتيجية الشاملة للمجموعة، مؤشرات الأداء الاستراتيجية | X95: =IF(S95="",X94,IF(X94="",S95,X94&"، "&S95)) -> مراجعة حالة المخرجات المتأخرة، الموافقة على رفع لوائح اللجان للمجلس | Y95: =IF(T95="",Y94,IF(Y94="",T95,Y94&"، "&T95)) -> تسريع اعتماد مصفوفة الصلاحيات الشاملة، جدولة جلسة اعتماد لائحة مجلس الإدارة
Q96: =IFERROR(IF(INDEX(tblDeliverables[مؤشر الالتزام الزمني],94)="متأخر",INDEX(tblDeliverables[المخرج],94),""),"") | R96: =IFERROR(IF(AND(INDEX(tblDeliverables[الأولوية],94)="عالية",INDEX(tblDeliverables[الحالة الحالية],94)<>"معتمد ونافذ",INDEX(tblDeliverables[المخرج],94)<>""),INDEX(tblDeliverables[المخرج],94),""),"") | S96: =IFERROR(IF(INDEX(tblMeetings[الحالة],94)="مفتوح",INDEX(tblMeetings[أهم القرارات],94),""),"") | T96: =IFERROR(IF(AND(INDEX(tblMeetings[تاريخ الاستحقاق],94)<>"",INDEX(tblMeetings[تاريخ الاستحقاق],94)>=TODAY(),INDEX(tblMeetings[تاريخ الاستحقاق],94)<=TODAY()+14,INDEX(tblMeetings[الحالة],94)<>"مغلق"),INDEX(tblMeetings[الإجراءات المطلوبة],94),""),"") | V96: =IF(Q96="",V95,IF(V95="",Q96,V95&"، "&Q96)) -> مصفوفة الصلاحيات الشاملة | W96: =IF(R96="",W95,IF(W95="",R96,W95&"، "&R96)) -> لائحة مجلس الإدارة، لائحة لجنة المراجعة، لائحة لجنة الترشيحات والمكافآت، مصفوفة الصلاحيات الشاملة، سياسة تعارض المصالح، سياسة إدارة المخاطر، سياسة الاستثمار والشركات التابعة، تطوير الاستراتيجية الشاملة للمجموعة، مؤشرات الأداء الاستراتيجية | X96: =IF(S96="",X95,IF(X95="",S96,X95&"، "&S96)) -> مراجعة حالة المخرجات المتأخرة، الموافقة على رفع لوائح اللجان للمجلس | Y96: =IF(T96="",Y95,IF(Y95="",T96,Y95&"، "&T96)) -> تسريع اعتماد مصفوفة الصلاحيات الشاملة، جدولة جلسة اعتماد لائحة مجلس الإدارة
Q97: =IFERROR(IF(INDEX(tblDeliverables[مؤشر الالتزام الزمني],95)="متأخر",INDEX(tblDeliverables[المخرج],95),""),"") | R97: =IFERROR(IF(AND(INDEX(tblDeliverables[الأولوية],95)="عالية",INDEX(tblDeliverables[الحالة الحالية],95)<>"معتمد ونافذ",INDEX(tblDeliverables[المخرج],95)<>""),INDEX(tblDeliverables[المخرج],95),""),"") | S97: =IFERROR(IF(INDEX(tblMeetings[الحالة],95)="مفتوح",INDEX(tblMeetings[أهم القرارات],95),""),"") | T97: =IFERROR(IF(AND(INDEX(tblMeetings[تاريخ الاستحقاق],95)<>"",INDEX(tblMeetings[تاريخ الاستحقاق],95)>=TODAY(),INDEX(tblMeetings[تاريخ الاستحقاق],95)<=TODAY()+14,INDEX(tblMeetings[الحالة],95)<>"مغلق"),INDEX(tblMeetings[الإجراءات المطلوبة],95),""),"") | V97: =IF(Q97="",V96,IF(V96="",Q97,V96&"، "&Q97)) -> مصفوفة الصلاحيات الشاملة | W97: =IF(R97="",W96,IF(W96="",R97,W96&"، "&R97)) -> لائحة مجلس الإدارة، لائحة لجنة المراجعة، لائحة لجنة الترشيحات والمكافآت، مصفوفة الصلاحيات الشاملة، سياسة تعارض المصالح، سياسة إدارة المخاطر، سياسة الاستثمار والشركات التابعة، تطوير الاستراتيجية الشاملة للمجموعة، مؤشرات الأداء الاستراتيجية | X97: =IF(S97="",X96,IF(X96="",S97,X96&"، "&S97)) -> مراجعة حالة المخرجات المتأخرة، الموافقة على رفع لوائح اللجان للمجلس | Y97: =IF(T97="",Y96,IF(Y96="",T97,Y96&"، "&T97)) -> تسريع اعتماد مصفوفة الصلاحيات الشاملة، جدولة جلسة اعتماد لائحة مجلس الإدارة
Q98: =IFERROR(IF(INDEX(tblDeliverables[مؤشر الالتزام الزمني],96)="متأخر",INDEX(tblDeliverables[المخرج],96),""),"") | R98: =IFERROR(IF(AND(INDEX(tblDeliverables[الأولوية],96)="عالية",INDEX(tblDeliverables[الحالة الحالية],96)<>"معتمد ونافذ",INDEX(tblDeliverables[المخرج],96)<>""),INDEX(tblDeliverables[المخرج],96),""),"") | S98: =IFERROR(IF(INDEX(tblMeetings[الحالة],96)="مفتوح",INDEX(tblMeetings[أهم القرارات],96),""),"") | T98: =IFERROR(IF(AND(INDEX(tblMeetings[تاريخ الاستحقاق],96)<>"",INDEX(tblMeetings[تاريخ الاستحقاق],96)>=TODAY(),INDEX(tblMeetings[تاريخ الاستحقاق],96)<=TODAY()+14,INDEX(tblMeetings[الحالة],96)<>"مغلق"),INDEX(tblMeetings[الإجراءات المطلوبة],96),""),"") | V98: =IF(Q98="",V97,IF(V97="",Q98,V97&"، "&Q98)) -> مصفوفة الصلاحيات الشاملة | W98: =IF(R98="",W97,IF(W97="",R98,W97&"، "&R98)) -> لائحة مجلس الإدارة، لائحة لجنة المراجعة، لائحة لجنة الترشيحات والمكافآت، مصفوفة الصلاحيات الشاملة، سياسة تعارض المصالح، سياسة إدارة المخاطر، سياسة الاستثمار والشركات التابعة، تطوير الاستراتيجية الشاملة للمجموعة، مؤشرات الأداء الاستراتيجية | X98: =IF(S98="",X97,IF(X97="",S98,X97&"، "&S98)) -> مراجعة حالة المخرجات المتأخرة، الموافقة على رفع لوائح اللجان للمجلس | Y98: =IF(T98="",Y97,IF(Y97="",T98,Y97&"، "&T98)) -> تسريع اعتماد مصفوفة الصلاحيات الشاملة، جدولة جلسة اعتماد لائحة مجلس الإدارة
Q99: =IFERROR(IF(INDEX(tblDeliverables[مؤشر الالتزام الزمني],97)="متأخر",INDEX(tblDeliverables[المخرج],97),""),"") | R99: =IFERROR(IF(AND(INDEX(tblDeliverables[الأولوية],97)="عالية",INDEX(tblDeliverables[الحالة الحالية],97)<>"معتمد ونافذ",INDEX(tblDeliverables[المخرج],97)<>""),INDEX(tblDeliverables[المخرج],97),""),"") | S99: =IFERROR(IF(INDEX(tblMeetings[الحالة],97)="مفتوح",INDEX(tblMeetings[أهم القرارات],97),""),"") | T99: =IFERROR(IF(AND(INDEX(tblMeetings[تاريخ الاستحقاق],97)<>"",INDEX(tblMeetings[تاريخ الاستحقاق],97)>=TODAY(),INDEX(tblMeetings[تاريخ الاستحقاق],97)<=TODAY()+14,INDEX(tblMeetings[الحالة],97)<>"مغلق"),INDEX(tblMeetings[الإجراءات المطلوبة],97),""),"") | V99: =IF(Q99="",V98,IF(V98="",Q99,V98&"، "&Q99)) -> مصفوفة الصلاحيات الشاملة | W99: =IF(R99="",W98,IF(W98="",R99,W98&"، "&R99)) -> لائحة مجلس الإدارة، لائحة لجنة المراجعة، لائحة لجنة الترشيحات والمكافآت، مصفوفة الصلاحيات الشاملة، سياسة تعارض المصالح، سياسة إدارة المخاطر، سياسة الاستثمار والشركات التابعة، تطوير الاستراتيجية الشاملة للمجموعة، مؤشرات الأداء الاستراتيجية | X99: =IF(S99="",X98,IF(X98="",S99,X98&"، "&S99)) -> مراجعة حالة المخرجات المتأخرة، الموافقة على رفع لوائح اللجان للمجلس | Y99: =IF(T99="",Y98,IF(Y98="",T99,Y98&"، "&T99)) -> تسريع اعتماد مصفوفة الصلاحيات الشاملة، جدولة جلسة اعتماد لائحة مجلس الإدارة
Q100: =IFERROR(IF(INDEX(tblDeliverables[مؤشر الالتزام الزمني],98)="متأخر",INDEX(tblDeliverables[المخرج],98),""),"") | R100: =IFERROR(IF(AND(INDEX(tblDeliverables[الأولوية],98)="عالية",INDEX(tblDeliverables[الحالة الحالية],98)<>"معتمد ونافذ",INDEX(tblDeliverables[المخرج],98)<>""),INDEX(tblDeliverables[المخرج],98),""),"") | S100: =IFERROR(IF(INDEX(tblMeetings[الحالة],98)="مفتوح",INDEX(tblMeetings[أهم القرارات],98),""),"") | T100: =IFERROR(IF(AND(INDEX(tblMeetings[تاريخ الاستحقاق],98)<>"",INDEX(tblMeetings[تاريخ الاستحقاق],98)>=TODAY(),INDEX(tblMeetings[تاريخ الاستحقاق],98)<=TODAY()+14,INDEX(tblMeetings[الحالة],98)<>"مغلق"),INDEX(tblMeetings[الإجراءات المطلوبة],98),""),"") | V100: =IF(Q100="",V99,IF(V99="",Q100,V99&"، "&Q100)) -> مصفوفة الصلاحيات الشاملة | W100: =IF(R100="",W99,IF(W99="",R100,W99&"، "&R100)) -> لائحة مجلس الإدارة، لائحة لجنة المراجعة، لائحة لجنة الترشيحات والمكافآت، مصفوفة الصلاحيات الشاملة، سياسة تعارض المصالح، سياسة إدارة المخاطر، سياسة الاستثمار والشركات التابعة، تطوير الاستراتيجية الشاملة للمجموعة، مؤشرات الأداء الاستراتيجية | X100: =IF(S100="",X99,IF(X99="",S100,X99&"، "&S100)) -> مراجعة حالة المخرجات المتأخرة، الموافقة على رفع لوائح اللجان للمجلس | Y100: =IF(T100="",Y99,IF(Y99="",T100,Y99&"، "&T100)) -> تسريع اعتماد مصفوفة الصلاحيات الشاملة، جدولة جلسة اعتماد لائحة مجلس الإدارة
...
